id,name,stars,stars_raw,scale,year,quarter,price,rooms,ppr,ppr_src,rent,rent_room,yield,deal,comune,sigla,provincia,regione,lat,lon,geo_conf,geo_src,url_place,doc,note,maps
0,Boscolo Aleph Hotel,4,4,Upper Upscale,2014,,40500000.0,95,426316,426000,,,,Sale,Roma,RM,Roma,Lazio,41.905461,12.48979,high,Google place pin (multiple pins in URL),"Aleph Rome Hotel, Curio Collection by Hilton",,,"https://www.google.com/maps/place/41%C2%B054'19.7%22N+12%C2%B029'23.2%22E/@41.905461,12.488693,18z/data=!3m1!4b1!4m17!1m10!3m9!1s0x132587e3322b2161:0xb52ec9bf84a9627d!2sAleph+Rome+Hotel,+Curio+Collection+by+Hilton!5m3!1s2020-05-22!4m1!1i2!8m2!3d41.9053137!4d12.4900421!3m5!1s0x0:0x0!7e2!8m2!3d41.9054614!4d12.48979"
1,Grand Milan,4,4,Upper Upscale,2017,,19100000.0,248,77016,77000,1400000.0,6000.0,0.07329842931937172,Portfolio,Saronno,VA,Varese,Lombardia,45.622634,9.028381,high,Google place pin,Starhotels Grand Milan,Atto,,"https://www.google.com/maps/place/Starhotels+Grand+Milan/@45.6226343,9.0261923,17z/data=!3m1!4b1!4m9!3m8!1s0x4786915f92ddeb79:0x19ec110e7c463e97!5m3!1s2020-05-22!4m1!1i2!8m2!3d45.6226343!4d9.028381"
2,Hotel Le Capannelle,4,4,,2018,,28000000.0,250,112000,112000,,,,Sale,Roma,RM,Roma,Lazio,41.835297,12.555139,high,Google place pin,Hotel Capannelle,,,"https://www.google.com/maps/place/Hotel+Capannelle/@41.8358739,12.5492454,14.96z/data=!4m9!3m8!1s0x132589bdb334e5b7:0xe55a4ee270916342!5m3!1s2020-05-22!4m1!1i2!8m2!3d41.8352966!4d12.5551395"
3,Hotel Midas,4,4,,2019,Q1,32000000.0,342,93567,94000,,,,Sale,Roma,RM,Roma,Lazio,41.888281,12.402553,high,Google place pin,Hotel Midas Roma,internal file,,"https://www.google.com/maps/place/Hotel+Midas+Roma/@41.8882848,12.4003644,17z/data=!3m1!4b1!4m9!3m8!1s0x132f5f9aba5f8347:0xb1c5444f103218ef!5m3!1s2020-05-22!4m1!1i2!8m2!3d41.8882808!4d12.4025531"
4,Terme di Saturnia Spa and Golf Resort,5,5,,2017,,40331223.0,140,288080,288000,,,,Sale,Manciano,GR,Grosseto,Toscana,42.658641,11.516804,high,Google place pin,Terme di Saturnia SPA & Golf Resort,,,"https://www.google.com/maps/place/Terme+di+Saturnia+SPA+%26+Golf+Resort/@42.6574218,11.5131368,15.75z/data=!4m9!3m8!1s0x1328fd541cb72481:0x6c0c6b00a8659e72!5m3!1s2020-05-22!4m1!1i2!8m2!3d42.6586414!4d11.5168044"
5,Costa Paradiso Resort Soglia Village,,,,2018,,9200000.0,138,66667,67000,,,,Sale,Trinità d'Agultu e Vignola,SS,Sassari,Sardegna,41.056665,8.953658,high,Google place pin,Costa Paradiso Resort,,,"https://www.google.com/maps/place/Costa+Paradiso+Resort/@41.0566687,8.9514698,17z/data=!3m1!4b1!4m9!3m8!1s0x12dbf1a6f2133509:0xf10f51de4a402659!5m3!1s2020-05-22!4m1!1i2!8m2!3d41.0566647!4d8.9536585"
6,Hotel Club Esse Roccaruja,4,4,,2017,,14666666.0,135,108642,109000,,,,Sale,Stintino,SS,Sassari,Sardegna,40.961681,8.210986,high,Google place pin,Club Esse Roccaruja,,,"https://www.google.com/maps/place/Club+Esse+Roccaruja/@40.9616846,8.2087974,17z/data=!3m1!4b1!4m9!3m8!1s0x12dc9c244d7ceec9:0xa86feca186ad8b53!5m3!1s2020-05-22!4m1!1i2!8m2!3d40.9616806!4d8.2109861"
7,Calaserena Village,4,4,,2017,,27000000.0,369,73171,73000,1994086.0,5000.0,0.07385503703703704,Sale,Maracalagonis,CA,Cagliari,Sardegna,39.168592,9.384689,high,Google place pin,Calaserena Village - Villaggio Turistico Bluserena,Atto,,"https://www.google.com/maps/place/Calaserena+Village+-+Villaggio+Turistico+Bluserena/@39.1685962,9.3824999,17z/data=!3m1!4b1!4m9!3m8!1s0x12e0c5936fbe7fab:0xb1dbe95eb4975f41!5m3!1s2020-05-22!4m1!1i2!8m2!3d39.1685921!4d9.3846886"
8,Pollina Resort,4,4,,2016,,9000000.0,340,26471,26000,,,,Sale,Pollina,PA,Palermo,Sicilia,38.024948,14.148472,high,Google place pin,Pollina Resort,,,"https://www.google.com/maps/place/Pollina+Resort/@38.0249522,14.1462833,17z/data=!3m1!4b1!4m9!3m8!1s0x13172460699a9775:0x771e3fca181b3da3!5m3!1s2020-05-22!4m1!1i2!8m2!3d38.024948!4d14.148472"
9,VOI Arenella Resort,4,4,,2016,,22000000.0,460,47826,48000,,,,Sale,Siracusa,SR,Siracusa,Sicilia,36.987749,15.250659,high,Google place pin,VOI Arenella Resort,,,"https://www.google.com/maps/place/VOI+Arenella+Resort/@36.9877537,15.2484701,17z/data=!3m1!4b1!4m9!3m8!1s0x1313cd3324e01635:0xbdd07d68736d0c8c!5m3!1s2020-05-22!4m1!1i2!8m2!3d36.9877494!4d15.2506588"
10,UNA Hotel Malpensa,4,4,Upscale,2019,,34311017.0,160,214444,214000,,,,Sale,Cerro Maggiore,MI,Milano,Lombardia,45.601191,8.94605,high,Google place pin,UNAHOTELS Malpensa,,,"https://www.google.com/maps/place/UNAHOTELS+Malpensa/@45.5999886,8.9426259,14.5z/data=!4m9!3m8!1s0x0:0x5663e1ec2f680fd8!5m3!1s2020-05-22!4m1!1i2!8m2!3d45.6011907!4d8.9460498"
11,Hotel Astoria,4,4,,2019,,6850000.0,225,30444,30000,,,,Sale,Sanremo,IM,Imperia,Liguria,43.81163,7.762388,high,Google place pin,Ex Hotel Astoria,Atto,,"https://www.google.com/maps/place/Ex+Hotel+Astoria/@43.8165812,7.7520948,13z/data=!4m17!1m7!2m6!1shotel+astoria+sanremo!5m4!5m3!1s2020-05-22!4m1!1i2!3m8!1s0x0:0xf0c5dab71d886826!5m3!1s2020-05-22!4m1!1i2!8m2!3d43.8116299!4d7.762388"
12,Hotel Miramare,4,4,,2017,,3929150.0,56,70163,70000,,,,Portfolio,Sanremo,IM,Imperia,Liguria,43.810859,7.763466,high,Google place pin,Miramare The Palace,,,"https://www.google.com/maps/place/Miramare+The+Palace/@43.810863,7.7612777,17z/data=!3m1!4b1!4m9!3m8!1s0x12cdf5145654a067:0xa286180a4b99e8e6!5m3!1s2020-05-22!4m1!1i2!8m2!3d43.8108591!4d7.7634664"
13,Hotel Maristella,2,2,,2017,,1894412.0,27,70163,70000,,,,Portfolio,Sanremo,IM,Imperia,Liguria,43.810505,7.763414,high,Google place pin,Miramare Luxury Dependance,,,"https://www.google.com/maps/place/Miramare+Luxury+Dependance/@43.8105094,7.7612258,17z/data=!3m1!4b1!4m9!3m8!1s0x12cdf56aee71e5bb:0x562ce90a898965da!5m3!1s2020-05-22!4m1!1i2!8m2!3d43.8105055!4d7.7634145"
14,Hotel Il Giardino,2,2,,2019,,900000.0,19,47368,47000,,,,Sale,Albenga,SV,Savona,Liguria,44.046894,8.220378,high,Google place pin,Hotel Giardino,Atto,,"https://www.google.com/maps/place/Hotel+Giardino/@44.0468979,8.2181892,17z/data=!3m1!4b1!4m9!3m8!1s0x12d25eb558037ad7:0x91d4cfc1319d52cb!5m3!1s2020-05-22!4m1!1i2!8m2!3d44.0468941!4d8.2203779"
15,Grand Hotel Diana,4,4,,2017,,10500000.0,48,218750,219000,,,,Sale,Alassio,SV,Savona,Liguria,44.014039,8.181204,high,Google place pin,Diana Grand Hotel,Atto,,"https://www.google.com/maps/place/Diana+Grand+Hotel/@44.0140426,8.1790155,17z/data=!3m1!4b1!4m9!3m8!1s0x12d25c35b58dfda1:0xf933db895a1f9b1b!5m3!1s2020-05-22!4m1!1i2!8m2!3d44.0140388!4d8.1812042"
16,SHG Hotel Bologna,4,4,,2018,,7310866.0,108,67693,68000,,,,Portfolio,Zola Predosa,BO,Bologna,Emilia-Romagna,44.48763,11.228781,high,Google place pin,SHG Hotel Bologna,,,"https://www.google.com/maps/place/SHG+Hotel+Bologna/@44.4876338,11.2265923,17z/data=!3m1!4b1!4m9!3m8!1s0x477fd6f949b604c9:0x91361a09ee973f30!5m3!1s2020-05-22!4m1!1i2!8m2!3d44.48763!4d11.228781"
17,San Domenico Palace Hotel,5,5,Luxury,2016,,52500000.0,108,486111,486000,,,,Sale,Taormina,ME,Messina,Sicilia,37.849926,15.283314,high,Google place pin,San Domenico Palace Hotel,,,"https://www.google.com/maps/place/San+Domenico+Palace+Hotel/@37.8499302,15.2811251,17z/data=!3m1!4b1!4m9!3m8!1s0x131411a49bb6500d:0xb685f89332feea4!5m3!1s2020-05-22!4m1!1i2!8m2!3d37.849926!4d15.2833138"
18,Hotel Des Estrangers,5,5,,2017,,10380000.0,93,111613,112000,,,,Sale,Siracusa,SR,Siracusa,Sicilia,37.058055,15.29283,high,Google place pin,Des Etrangers Hotel & SPA,,,"https://www.google.com/maps/place/Des+Etrangers+Hotel+%26+SPA/@37.0580593,15.2906413,17z/data=!3m1!4b1!4m9!3m8!1s0x1313cc1f2345a987:0x4d7d0c59576a7664!5m3!1s2020-05-22!4m1!1i2!8m2!3d37.058055!4d15.29283"
19,Serena Village,4,4,,2017,Q4,21000000.0,480,43750,44000,2265792.0,4720.4,0.10789485714285714,Sale,Cutro,KR,Crotone,Calabria,38.943838,16.953699,high,Google place pin,Serenè Village,Atto,L'immobile è stato venduto da DEA capital il 5 dicembre 2017  al prezzo di €21mln a Bluserena S.p.A.. Tra quest'ultima e DEA capital intercorreva un rapporto di locazione dal 2013 - canone fisso pari a 2265792 + canone variabile pari al 21% del fatturato (se > del canone fisso),"https://www.google.com/maps/place/Seren%C3%A8+Village/@38.9438424,16.95151,17z/data=!3m1!4b1!4m9!3m8!1s0x13403dac2ab8c4c1:0x738a0603b6d0ef3!5m3!1s2020-05-22!4m1!1i2!8m2!3d38.9438382!4d16.9536987"
20,Relais del Cardinale,5,5,,2019,,6900000.0,60,115000,115000,,,,Sale,Fasano,BR,Brindisi,Puglia,40.804072,17.438103,high,Google place pin,Masseria Relais del Cardinale,,,"https://www.google.com/maps/place/Masseria+Relais+del+Cardinale/@40.8040756,17.4359143,17z/data=!3m1!4b1!4m9!3m8!1s0x13464f3ae964e9e1:0x9a9692270caa8e3d!5m3!1s2020-05-22!4m1!1i2!8m2!3d40.8040716!4d17.438103"
21,La Giurlita Residence Hotel Club,4,4,,2018,,,164,,,,,,Sale,Ugento,LE,Lecce,Puglia,39.861577,18.161095,high,Google place pin,Nicolaus Club La Giurlita,,,"https://www.google.com/maps/place/Nicolaus+Club+La+Giurlita/@39.847996,18.0732646,10.21z/data=!4m9!3m8!1s0x1344073c7c130863:0x9275e8b8d71d4aad!5m3!1s2020-05-22!4m1!1i2!8m2!3d39.8615771!4d18.1610951"
22,Blu Salento Village,4,4,,2018,,23000000.0,307,74919,75000,1600000.0,5000.0,0.069,Sale,Nardò,LE,Lecce,Puglia,40.215184,17.925266,high,Google place pin,Blu Salento Village,,,"https://www.google.com/maps/place/Blu+Salento+Village/@40.2151886,17.9230769,17z/data=!3m1!4b1!4m9!3m8!1s0x134698e941fe74fb:0xc4c2cedc1c971cd8!5m3!1s2020-05-22!4m1!1i2!8m2!3d40.2151845!4d17.9252656"
23,Villaggio Bagamoyo,3,3,,2017,Q2,5550000.0,231,24026,24000,,,,Sale,Cassano all'Ionio,CS,Cosenza,Calabria,39.758597,16.484401,high,Google place pin,Nicolaus Club Bagamoyo Resort,,,"https://www.google.com/maps/place/Nicolaus+Club+Bagamoyo+Resort/@39.7586012,16.4822122,17z/data=!3m1!4b1!4m9!3m8!1s0x133f60890dee694f:0x8cb6cef7078a2b39!5m3!1s2020-05-22!4m1!1i2!8m2!3d39.7585971!4d16.4844009"
24,TH Baia degli Achei Village,4,4,,2018,Q4,4000000.0,134,29851,30000,350000.0,3000.0,0.0875,Sale,Cassano all'Ionio,CS,Cosenza,Calabria,39.745407,16.491468,high,Google place pin,TH Marina di Sibari - Baia degli Achei Village,- compravendita da Bilancio - rent da Nota AdE (non disponibili ROGITO e CONTRATTO di AFFITTO),Acquirente: Fondo Turismo 1 (CDP) da Distressed,"https://www.google.com/maps/place/TH+Marina+di+Sibari+-+Baia+degli+Achei+Village/@39.7454111,16.4892793,17z/data=!3m1!4b1!4m9!3m8!1s0x133f605930126de5:0x2a38827a128ef2e3!5m3!1s2020-05-22!4m1!1i2!8m2!3d39.745407!4d16.491468"
25,Nova Yardinia Resort,4,4 e 5,,2017,,120000000.0,790,151899,152000,,,,Sale,Castellaneta,TA,Taranto,Puglia,40.492431,16.949928,high,Google place pin,Nova Yardinia Resort,,,"https://www.google.com/maps/place/Nova+Yardinia+Resort/@40.4924351,16.9477393,17z/data=!3m1!4b1!4m5!3m4!1s0x1347128503257981:0xc396fb591be61eaf!8m2!3d40.492431!4d16.949928"
26,Hilton Molino Stucky Venice,5,5,Upper Upscale,2016,,280000000.0,380,736842,737000,,,,Sale,Venezia,VE,Venezia,Veneto,45.428219,12.320293,high,Google place pin,Hilton Molino Stucky Venice,,,"https://www.google.com/maps/place/Hilton+Molino+Stucky+Venice/@45.4282226,12.3181044,17z/data=!3m1!4b1!4m9!3m8!1s0x477eb1cb5cc024cf:0xbc0997af6bf5f430!5m3!1s2020-05-22!4m1!1i2!8m2!3d45.4282189!4d12.3202931"
27,Palazzo Stern,4,4,,2018,,12700000.0,24,529167,529000,,,,Sale,Venezia,VE,Venezia,Veneto,45.433048,12.326982,high,Google place pin,Hotel Palazzo Stern,,,"https://www.google.com/maps/place/Hotel+Palazzo+Stern/@45.4330517,12.3247933,17z/data=!3m1!4b1!4m9!3m8!1s0x477eb1ce5abc50b7:0xde2940584d91c2d5!5m3!1s2020-05-22!4m1!1i2!8m2!3d45.433048!4d12.326982"
28,Hotel Palazzina Grassi,5,5,Luxury,2016,,,21,,,,,,Sale,Venezia,VE,Venezia,Veneto,45.434011,12.328183,high,Google place pin,Palazzina Grassi,,,"https://www.google.com/maps/place/Palazzina+Grassi/@45.4340144,12.3259943,17z/data=!3m1!4b1!4m9!3m8!1s0x477eb1d77377c4fd:0x10cc99f1bf77a538!5m3!1s2020-05-22!4m1!1i2!8m2!3d45.4340107!4d12.328183"
29,Hotel Garden,4,4,,2016,,1700000.0,67,25373,25000,,,,Auction,Pesaro,PU,Pesaro e Urbino,Marche,43.918044,12.911689,high,Google place pin,Garden,,,"https://www.google.com/maps/place/Garden/@43.9180999,12.9117984,18.5z/data=!4m12!1m6!3m5!1s0x0:0x4a264388779ce5c4!2sGarden!8m2!3d43.9180444!4d12.9116888!3m4!1s0x0:0x4a264388779ce5c4!8m2!3d43.9180444!4d12.9116888"
30,Castello di Casole Resort,5,5,Luxury,2018,,19400000.0,39,497436,497000,,,,Entity-level transaction. Part of a portfolio.,Casole d'Elsa,SI,Siena,Toscana,43.324817,11.084072,high,Google place pin,Belmond Castello di Casole,,,"https://www.google.com/maps/place/Belmond+Castello+di+Casole/@43.3248207,11.0818828,17z/data=!3m1!4b1!4m9!3m8!1s0x132a26a66c10ee1d:0xe39abeb2b8dd7440!5m3!1s2020-05-22!4m1!1i2!8m2!3d43.3248168!4d11.0840715"
31,The Gritti Palace,5,5,Luxury,2015,,105000000.0,82,1280488,1280000,,,,Sale,Venezia,VE,Venezia,Veneto,45.431789,12.333321,high,Google place pin,The Gritti Palace,,,"https://www.google.com/maps/place/The+Gritti+Palace/@45.4317929,12.3311322,17z/data=!3m1!4b1!4m9!3m8!1s0x477eb1d10fb59331:0x55a645b73d14a01e!5m3!1s2020-05-22!4m1!1i2!8m2!3d45.4317892!4d12.3333209"
32,Bauer Hotel,5,5,Luxury,2019,,250000000.0,191,1308901,1309000,,,,Sale (Rumor),Venezia,VE,Venezia,Veneto,45.432954,12.335748,high,Google place pin,Hotel Bauer Palazzo,,,"https://www.google.com/maps/place/Hotel+Bauer+Palazzo/@45.4329573,12.3335595,17z/data=!3m1!4b1!4m9!3m8!1s0x477eae2a9dd275f9:0xee8c18fa2a97bbee!5m3!1s2020-05-22!4m1!1i2!8m2!3d45.4329536!4d12.3357482"
33,Hotel Palazzo Giovannelli,4,4,,2019,,50000000.0,41,1219512,1220000,,,,Sale,Venezia,VE,Venezia,Veneto,45.441303,12.33122,high,Google place pin,Palazzo Giovanelli,,,"https://www.google.com/maps/place/Palazzo+Giovanelli/@45.4413068,12.3290313,17z/data=!3m1!4b1!4m9!3m8!1s0x477eb1c36c57037f:0x7ef6e07cfa348d99!5m3!1s2020-05-22!4m1!1i2!8m2!3d45.4413031!4d12.33122"
34,Capri Palace,5,5,Luxury,2019,,105000000.0,68,1544118,1544000,,,,Sale,Anacapri,NA,Napoli,Campania,40.556143,14.222283,high,Google place pin,Capri Palace,,,"https://www.google.com/maps/place/Capri+Palace/@40.5577377,14.2189771,16.79z/data=!4m9!3m8!1s0x133b79ded5eb2ff9:0xbd483a73f3f61d53!5m3!1s2020-05-22!4m1!1i2!8m2!3d40.5561432!4d14.2222826"
35,"The Britannique Naples, Curio Collection by Hilton",5,5,Upper Upscale,2016,,30000000.0,86,348837,349000,,,,Sale,Napoli,NA,Napoli,Campania,40.836906,14.229747,high,Google place pin,The Britannique®| Curio Collection by Hilton,,,"https://www.google.com/maps/place/The+Britannique%C2%AE%7C+Curio+Collection+by+Hilton/@40.8369062,14.2297467,15z/data=!4m9!3m8!1s0x0:0xbcd24bc39a46bbd2!5m3!1s2020-05-22!4m1!1i2!8m2!3d40.8369062!4d14.2297467"
36,Grand Hotel Saraceno,5,5,,2017,,25000000.0,60,416667,417000,,,,Sale,Conca dei Marini,SA,Salerno,Campania,40.61893,14.576476,high,Google place pin,Grand Hotel Il Saraceno,,,"https://www.google.com/maps/place/Grand+Hotel+Il+Saraceno/@40.6190851,14.5714467,15z/data=!4m13!1m7!2m6!1sgrand+hotel+saraceno+amalfi!5m4!5m3!1s2020-05-22!4m1!1i2!3m4!1s0x0:0xbb6fc4c4f791eb94!8m2!3d40.6189305!4d14.5764756"
37,Majestic Florence,4,4,,2015,,28000000.0,135,207407,207000,,,,Sale,Firenze,FI,Firenze,Toscana,43.7751,11.251095,high,Google place pin,Grand Hotel Majestic,,,"https://www.google.com/maps/place/Grand+Hotel+Majestic/@43.7752301,11.2510745,17z/data=!4m8!1m2!2m1!1smajestic+hotel+firenze!3m4!1s0x0:0x4c4c8cc944beda96!8m2!3d43.7750996!4d11.251095"
38,Mgallery Firenze,4,4,Upper Upscale,2015,,14200000.0,85,167059,167000,,,,Sale,Firenze,FI,Firenze,Toscana,43.773504,11.252265,high,Google place pin,Hotel Cerretani Firenze - MGallery,,,"https://www.google.com/maps/place/Hotel+Cerretani+Firenze+-+MGallery/@43.7735078,11.2500761,17z/data=!3m1!4b1!4m9!3m8!1s0x132a54020bd5ccff:0x304a81105f1f7a40!5m3!1s2020-05-22!4m1!1i2!8m2!3d43.7735039!4d11.2522648"
39,Relais delle Picchiaie,4,4,,2016,,,50,,,,,,Sale,Portoferraio,LI,Livorno,Toscana,42.787028,10.331962,high,Google place pin,Resort le Picchiaie,,,"https://www.google.com/maps/place/Resort+le+Picchiaie/@42.7870319,10.3297733,17z/data=!3m1!4b1!4m9!3m8!1s0x12d636a0e246fe8d:0x7f448e21ae98e2e6!5m3!1s2020-05-22!4m1!1i2!8m2!3d42.787028!4d10.331962"
40,Palazzo Magnani Feroni,5,5,,2019,,19525000.0,12,1627083,1627000,,,,Sale,Firenze,FI,Firenze,Toscana,43.769096,11.246005,high,Google place pin,Palazzo Magnani Feroni,,,"https://www.google.com/maps/place/Palazzo+Magnani+Feroni/@43.7690999,11.2438163,17z/data=!3m1!4b1!4m9!3m8!1s0x132a56aca8a81f49:0x7310a9c6beba6b12!5m3!1s2020-05-22!4m1!1i2!8m2!3d43.769096!4d11.246005"
41,St Regis Florence,5,5,Luxury,2016,,70100000.0,100,701000,701000,,,,Sale,Firenze,FI,Firenze,Toscana,43.77252,11.244612,high,Google place pin,The St. Regis Florence,,,"https://www.google.com/maps/place/The+St.+Regis+Florence/@43.7725243,11.242423,17z/data=!3m1!4b1!4m9!3m8!1s0x132a56ac37e704e7:0xf4139897feb27364!5m3!1s2020-05-22!4m1!1i2!8m2!3d43.7725204!4d11.2446117"
42,Westin Excelsior Florence,5,5,Upper Upscale,2016,,119900000.0,171,701170,701000,,,,Sale,Firenze,FI,Firenze,Toscana,43.771929,11.245888,high,Google place pin,"The Westin Excelsior, Firenze",,,"https://www.google.com/maps/place/The+Westin+Excelsior,+Firenze/@43.7719324,11.2436996,17z/data=!3m1!4b1!4m9!3m8!1s0x132a56ac147a60d9:0x1081ffcd9bff8c15!5m3!1s2020-05-22!4m1!1i2!8m2!3d43.7719285!4d11.2458883"
43,Royal Hotel,4,4,,2018,,3950000.0,100,39500,40000,,,,Auction,Spotorno,SV,Savona,Liguria,44.235718,8.432209,high,Google place pin,Royal Hotel,Atto,Prezzo di aggiudicazione confermato telefonicamente dal delegato,"https://www.google.com/maps/place/Royal+Hotel/@44.2357217,8.4300202,17z/data=!3m1!4b1!4m5!3m4!1s0x12d2fcd3b45d37cb:0x3c18ec97a9dcc03a!8m2!3d44.2357179!4d8.4322089"
44,Castello di Carimate,4,4,,2019,,4551000.0,58,78466,78000,,,,Auction,Carimate,CO,Como,Lombardia,45.702804,9.115653,high,Google place pin,Castello di Carimate,,,"https://www.google.com/maps/place/Castello+di+Carimate/@45.7023228,9.1148978,298a,35y,347.63h,7.79t/data=!3m1!1e3!4m8!1m2!2m1!1shotel+castello+di+Carimate,+CO!3m4!1s0x478699fb4908e2e1:0x3d5f0fdd76c5ffc5!8m2!3d45.7028041!4d9.1156533"
45,Hotel 25 Hour Firenze,,,Upscale,2019,,110000000.0,172,639535,640000,,,,Sale,Firenze,FI,Firenze,Toscana,43.772749,11.247827,high,Google place pin,Convento San Paolino,,Da trasfromare in hotel,"https://www.google.com/maps/place/Convento+San+Paolino/@43.7727627,11.2468406,261m/data=!3m1!1e3!4m5!3m4!1s0x132a56abe5406f5d:0x618a295cbed8e174!8m2!3d43.7727489!4d11.2478275"
46,Belmond Villa Sant'Andrea,5,5,Luxury,2019,,,78,,,,,,Portfolio,Taormina,ME,Messina,Sicilia,37.854157,15.302795,high,Google place pin,Belmond Villa Sant'Andrea,,,"https://www.google.com/maps/place/Belmond+Villa+Sant'Andrea/@37.8541612,15.3006063,589m/data=!3m2!1e3!4b1!4m9!3m8!1s0x1314119d39c3b3e3:0x42f21547a32db29d!5m3!1s2020-05-22!4m1!1i2!8m2!3d37.854157!4d15.302795"
47,Grand Majestic,4,4,,2015,,30000000.0,104,288462,288000,,,,Sale,Firenze,FI,Firenze,Toscana,43.7751,11.251095,high,Google place pin,Grand Hotel Majestic,,,"https://www.google.com/maps/place/Grand+Hotel+Majestic/@43.7751036,11.2489064,538m/data=!3m2!1e3!4b1!4m5!3m4!1s0x132a56a9d5ea496b:0x4c4c8cc944beda96!8m2!3d43.7750997!4d11.2510951"
48,Mercure Firenze Centro,4,4,Upper Midscale,2018,,24489000.0,85,288106,288000,,,,Sale,Firenze,FI,Firenze,Toscana,43.776771,11.250834,high,Google place pin,Hotel Mercure Firenze Centro,Atto,Acquirente Accor,"https://www.google.com/maps/place/Hotel+Mercure+Firenze+Centro/@43.7767749,11.2486453,538m/data=!3m2!1e3!4b1!4m9!3m8!1s0x132a56a80cee131f:0xd673fb44f6363a55!5m3!1s2020-05-22!4m1!1i2!8m2!3d43.776771!4d11.250834"
49,Hotel Universo,3,3,,2016,,4700000.0,70,67143,67000,,,,Sale,Lucca,LU,Lucca,Toscana,43.841184,10.503055,high,Google place pin,Hotel Universo,,,"https://www.google.com/maps/place/Hotel+Universo/@43.8411879,10.5008664,538m/data=!3m2!1e3!4b1!4m5!3m4!1s0x12d5838a1537c35b:0x8924ac4b260c8b3d!8m2!3d43.8411841!4d10.5030551"
50,Best Western Premier CHC Airport,4,4,Midscale,2019,,,115,,,,,,Sale,Genova,GE,Genova,Liguria,44.421216,8.855045,high,Google place pin,Best Western Premier CHC Airport,,,"https://www.google.com/maps/place/Best+Western+Premier+CHC+Airport/@44.4206802,8.851627,1095m/data=!3m1!1e3!4m9!3m8!1s0x12d340b997f1300b:0xa729b3f25f850ad!5m3!1s2020-05-22!4m1!1i2!8m2!3d44.4212162!4d8.855045"
51,Royal Hotel Carlton,4,4,,2018,,32890000.0,236,139364,139000,,,,Sale,Bologna,BO,Bologna,Emilia-Romagna,44.502689,11.342208,high,Google place pin,Royal Hotel Carlton,,,"https://www.google.com/maps/place/Royal+Hotel+Carlton/@44.5026932,11.3400192,532m/data=!3m2!1e3!4b1!4m9!3m8!1s0x477fd499a768a6bd:0x74d8bcdcba4c4252!5m3!1s2020-05-22!4m1!1i2!8m2!3d44.5026894!4d11.3422079"
52,SHG Hotel Verona,4,4,,2019,,7500000.0,112,66964,67000,,,0.06,Sale,Verona,VR,Verona,Veneto,45.430053,11.056789,high,Google place pin,SHG Hotel Verona,,,"https://www.google.com/maps/place/SHG+Hotel+Verona/@45.4300569,11.0546001,523m/data=!3m2!1e3!4b1!4m9!3m8!1s0x477f5ea48bc6bb45:0xe08668aff7430950!5m3!1s2020-05-22!4m1!1i2!8m2!3d45.4300532!4d11.0567888"
53,Club Valtur Ostuni,3,3,,2017,,19800000.0,407,48649,49000,,,,Portfolio,Ostuni,BR,Brindisi,Puglia,40.766418,17.669373,high,Google place pin,,,,"https://www.google.com/maps/place/40%C2%B045'59.1%22N+17%C2%B040'09.7%22E/@40.766417,17.6677627,565m/data=!3m2!1e3!4b1!4m14!1m7!2m6!1sclub+valtur+ostuni!5m4!5m3!1s2020-05-22!4m1!1i2!3m5!1s0x0:0x0!7e2!8m2!3d40.7664175!4d17.6693726"
54,Ti Blu Village Club Marina di Pisticci,4,4,,2017,,16000000.0,440,36364,36000,,,0.08,Portfolio,Pisticci,MT,Matera,Basilicata,40.320127,16.79011,high,Google place pin,TH Marina di Pisticci - Ti Blu Village,,,"https://www.google.com/maps/place/TH+Marina+di+Pisticci+-+Ti+Blu+Village/@40.3201311,16.7879213,568m/data=!3m2!1e3!4b1!4m9!3m8!1s0x134743991985842f:0xd10fdbe694f51917!5m3!1s2020-05-22!4m1!1i2!8m2!3d40.320127!4d16.79011"
55,Leonardo Hotel Verona,3,3,,2019,Q4,10750000.0,145,74138,74000,,,,Sale,Verona,VR,Verona,Veneto,45.401586,10.968144,medium,map viewport centre,,AdE,Ex Ibis Hotel Verona,"https://www.google.com/maps/@45.4015855,10.9681445,0a,55.3y,68.22h,111.97t/data=!3m4!1e1!3m2!1sQjpnq5lMFPzsOw88nRuoMQ!2e0?source=apiv3"
56,Il Gabbiano,4,4,,2016,,,92,,,,,,Refinance,Pulsano,TA,Taranto,Puglia,40.35717,17.353489,high,Google place pin,Nicolaus Club Il Gabbiano,,,"https://www.google.com/maps/place/Nicolaus+Club+Il+Gabbiano/@40.3571741,17.3513003,568m/data=!3m2!1e3!4b1!4m9!3m8!1s0x1346e15ba15646f9:0x5a171ea79f7ffeb8!5m3!1s2020-05-22!4m1!1i2!8m2!3d40.35717!4d17.353489"
57,Palazzo Victoria,5,5,,2018,,18700000.0,71,263380,263000,,,,Sale,Verona,VR,Verona,Veneto,45.442398,10.993787,high,Google place pin,Palazzo Victoria,,,"https://www.google.com/maps/place/Palazzo+Victoria/@45.4424018,10.9915983,523m/data=!3m2!1e3!4b1!4m9!3m8!1s0x477f5f4ee1d19173:0x918ba9f517ac4794!5m3!1s2020-05-22!4m1!1i2!8m2!3d45.4423981!4d10.993787"
58,LaGare Hotel Venice - Mgallery by Sofitel,4,4,Upper Upscale,2018,,41357142.0,119,347539,348000,,,,Portfolio,Venezia,VE,Venezia,Veneto,45.456615,12.355228,high,Google place pin,Hyatt Centric Murano Venice,,,"https://www.google.com/maps/place/Hyatt+Centric+Murano+Venice/@45.4566191,12.3530397,523m/data=!3m2!1e3!4b1!4m9!3m8!1s0x477eae03d28612cf:0xdb843829e2b72f7d!5m3!1s2020-05-22!4m1!1i2!8m2!3d45.4566154!4d12.3552284"
59,Best Western Como,3,3,Midscale,2018,,2800000.0,65,43077,43000,,,,Sale,Albavilla,CO,Como,Lombardia,45.795702,9.189543,high,Google place pin (multiple pins in URL),Best Western Albavilla Hotel & Co.,,,"https://www.google.com/maps/place/45%C2%B047'44.5%22N+9%C2%B011'22.4%22E/@45.795702,9.1882384,17z/data=!3m1!4b1!4m17!1m10!3m9!1s0x47869f795efb97e9:0x1f50d947fc195379!2sBest+Western+Albavilla+Hotel+%26+Co.!5m3!1s2020-05-22!4m1!1i2!8m2!3d45.795817!4d9.18979!3m5!1s0x0:0x0!7e2!8m2!3d45.7957019!4d9.1895428"
60,La Selva Park Hotel,4,4,,2018,,,77,,,,,,Sale,Vergiate,VA,Varese,Lombardia,45.725012,8.678083,high,Google place pin,B&B Hotel Malpensa Lago Maggiore,,,"https://www.google.com/maps/place/B%26B+Hotel+Malpensa+Lago+Maggiore/@45.7257212,8.6753791,905m/data=!3m1!1e3!4m9!3m8!1s0x478664cc9d68ca15:0xca3c77c01f7210ab!5m3!1s2020-05-22!4m1!1i2!8m2!3d45.7250119!4d8.6780834"
61,NH Hotel Santo Stefano,4,4,Upscale,2015,,23100000.0,125,184800,185000,,,,Sale,Torino,TO,Torino,Piemonte,45.074066,7.683818,high,Google place pin,Hotel NH Torino Santo Stefano,,,"https://www.google.com/maps/place/Hotel+NH+Torino+Santo+Stefano/@45.0740696,7.6816292,527m/data=!3m2!1e3!4b1!4m9!3m8!1s0x47886d76b3f81753:0xb41189116497c01!5m3!1s2020-05-22!4m1!1i2!8m2!3d45.0740658!4d7.6838179"
62,Park Hotel Baja Sardinia,4,4,,2018,,20000000.0,83,240964,241000,,,,Sale,Arzachena,SS,Sassari,Sardegna,41.128229,9.471481,high,Google place pin,Park Hotel Resort,,,"https://www.google.com/maps/place/Park+Hotel+Resort/@41.1282334,9.4692921,562m/data=!3m2!1e3!4b1!4m9!3m8!1s0x12d946b39a23c411:0x553e6a2c1ee66494!5m3!1s2020-05-22!4m1!1i2!8m2!3d41.1282294!4d9.4714808"
63,Hotel Club del Golfo,4,4,,2015,,,114,,,,,,Sale,Sorso,SS,Sassari,Sardegna,40.820977,8.507944,high,Google place pin,Hotel Club del Golfo,,,"https://www.google.com/maps/place/Hotel+Club+del+Golfo/@40.8209813,8.5057555,564m/data=!3m2!1e3!4b1!4m9!3m8!1s0x12dc7d38d388d9b5:0x90b7e282a4021e6!5m3!1s2020-05-22!4m1!1i2!8m2!3d40.8209773!4d8.5079442"
64,B&B Hotel Torre Quadra,3,3,Midscale,2017,,15000000.0,188,79787,80000,1015000.0,5000.0,0.06766666666666667,Sale,Sesto San Giovanni,MI,Milano,Lombardia,45.526978,9.229524,high,Google place pin,B&B Hotel Milano Sesto Marelli,Atto,,"https://www.google.com/maps/place/B%26B+Hotel+Milano+Sesto+Marelli/@45.5269812,9.2273349,522m/data=!3m2!1e3!4b1!4m9!3m8!1s0x4786c760c35c235d:0x6d779e1a4fe1874c!5m3!1s2020-05-22!4m1!1i2!8m2!3d45.5269775!4d9.2295236"
65,UNA Hotel Venezia,4,4,Upscale,2016,,4573688.0,36,127047,127000,,,,Portfolio,Venezia,VE,Venezia,Veneto,45.44178,12.335959,high,Google place pin,Maison Venezia | UNA Esperienze,,,"https://www.google.com/maps/place/Maison+Venezia+%7C+UNA+Esperienze/@45.4417796,12.3337704,17z/data=!3m1!4b1!4m8!3m7!1s0x477eb1dbc28071dd:0x777a1cde57a31799!5m2!4m1!1i2!8m2!3d45.4417796!4d12.3359591"
66,Hotel Bellini Venezia (NH Hotel Santa Lucia),4,4,Upscale,2019,,28516096.0,100,285161,285000,,,,Portfolio,Venezia,VE,Venezia,Veneto,45.441669,12.32268,high,Google place pin,Bellini,,,"https://www.google.com/maps/place/Bellini/@45.4416727,12.3204913,523m/data=!3m2!1e3!4b1!4m9!3m8!1s0x477eb1c0cb82a263:0x59281dbdbc99e2a5!5m3!1s2020-05-22!4m1!1i2!8m2!3d45.441669!4d12.32268"
67,Crowne Plaza Venice East,4,4,Upscale,2019,,,153,,,,,,Portfolio,Quarto d'Altino,VE,Venezia,Veneto,45.573882,12.365037,high,Google place pin,Crowne Plaza Venice East - Quarto d'Altino,,,"https://www.google.com/maps/place/Crowne+Plaza+Venice+East+-+Quarto+d'Altino/@45.573886,12.3628485,522m/data=!3m2!1e3!4b1!4m9!3m8!1s0x47794d07dcb5e63b:0xfd9bfab73f877ea1!5m3!1s2020-05-22!4m1!1i2!8m2!3d45.5738823!4d12.3650372"
68,Best Western Airvenice,4,4,Midscale,2019,,,80,,,,,,Portfolio,Quarto d'Altino,VE,Venezia,Veneto,45.580364,12.363406,high,Google place pin,Best Western Hotel Airvenice,,,"https://www.google.com/maps/place/Best+Western+Hotel+Airvenice/@45.5803677,12.3612173,522m/data=!3m2!1e3!4b1!4m9!3m8!1s0x47794cff909c0c0f:0x527ab99825a59925!5m3!1s2020-05-22!4m1!1i2!8m2!3d45.580364!4d12.363406"
69,La Certosella,3,3,,2016,,10005000.0,15,667000,667000,,,,Auction,Capri,NA,Napoli,Campania,40.547171,14.249027,high,Google place pin,,,,"https://www.google.com/maps/place/40%C2%B032'49.8%22N+14%C2%B014'56.5%22E/@40.547171,14.2481563,18z/data=!3m1!4b1!4m9!1m2!2m1!1sla+certosella+capri!3m5!1s0x0:0x0!7e2!8m2!3d40.5471707!4d14.2490271"
70,D120,4,4,,2018,,2993000.0,56,53446,53000,,,,Sale,Olgiate Olona,VA,Varese,Lombardia,45.632782,8.861852,high,Google place pin,Hotel D120,Atto,,"https://www.google.com/maps/place/Hotel+D120/@45.6327857,8.8596633,521m/data=!3m2!1e3!4b1!4m9!3m8!1s0x47868bfe9f8afa3f:0x71a365f6999b72c1!5m3!1s2020-05-22!4m1!1i2!8m2!3d45.632782!4d8.861852"
71,Belmond Hotel Caruso,5,5,Luxury,2019,,,51,,,,,,Entity-level transaction. Part of a portfolio.,Ravello,SA,Salerno,Campania,40.651346,14.612991,high,Google place pin,Belmond Hotel Caruso,,,"https://www.google.com/maps/place/Belmond+Hotel+Caruso/@40.65135,14.6108027,566m/data=!3m2!1e3!4b1!4m9!3m8!1s0x133b959e2d70381f:0xec6cd160863392a7!5m3!1s2020-05-22!4m1!1i2!8m2!3d40.651346!4d14.6129914"
72,Just Hotel,3,3,,2019,,10550000.0,74,142568,143000,,,,Sale,,,,,,,nan,nan,,,,
73,UNA Hotel Napoli,4,4,Upscale,2016,,11307123.0,89,127046,127000,,,,Entity-level transaction. Part of a portfolio.,Napoli,NA,Napoli,Campania,40.851802,14.26747,high,Google place pin,UNAHOTELS Napoli,,,"https://www.google.com/maps/place/UNAHOTELS+Napoli/@40.8518062,14.2652812,564m/data=!3m2!1e3!4b1!4m9!3m8!1s0x133b0815c215b661:0xe32aa67de1a0ad9f!5m3!1s2020-05-22!4m1!1i2!8m2!3d40.8518022!4d14.2674699"
74,ClassHotel / Hotel dei Cavalieri (La Reggia),4,4,,2019,,16188544.0,90,179873,180000,,,,Portfolio,Caserta,CE,Caserta,Campania,41.075782,14.332483,high,Google place pin,Hotel dei Cavalieri Caserta - La Reggia,Atto ricognitivo di compravendita,,"https://www.google.com/maps/place/Hotel+dei+Cavalieri+Caserta+-+La+Reggia/@41.0757864,14.3302947,562m/data=!3m2!1e3!4b1!4m9!3m8!1s0x133a55b4a4a1d85b:0x88cdf23e21731290!5m3!1s2020-05-22!4m1!1i2!8m2!3d41.0757824!4d14.3324834"
75,UNA Hotel Regina,4,4,Upscale,2016,,12704632.0,100,127046,127000,,,,Entity-level transaction. Part of a portfolio.,Noicattaro,BA,Bari,Puglia,41.073895,16.988947,high,Google place pin,UNAHOTELS Regina Bari,,,"https://www.google.com/maps/place/UNAHOTELS+Regina+Bari/@41.0738987,16.9867579,562m/data=!3m2!1e3!4b1!4m9!3m8!1s0x1347c15c7334f7d3:0xe2cdabbbb17ebb37!5m3!1s2020-05-22!4m1!1i2!8m2!3d41.0738947!4d16.9889466"
76,Grand Hotel Palazzo della Fonte,5,5,,2019,,16500000.0,153,107843,108000,,,,Auction,Fiuggi,FR,Frosinone,Lazio,41.795825,13.21956,high,Google place pin,Grand Hotel Palazzo della Fonte,,,"https://www.google.com/maps/place/Grand+Hotel+Palazzo+della+Fonte/@41.7958289,13.2173715,556m/data=!3m2!1e3!4b1!4m9!3m8!1s0x132ff59d23fe6bd9:0xe8767dfec0e3fa22!5m3!1s2020-05-22!4m1!1i2!8m2!3d41.7958249!4d13.2195602"
77,Novotel Roma La Rustica,4,4,Upscale,2016,,33085984.0,149,222054,222000,,,,Portfolio,Roma,RM,Roma,Lazio,41.91368,12.61798,high,Google place pin,Hotel Novotel Roma Est,,,"https://www.google.com/maps/place/Hotel+Novotel+Roma+Est/@41.9136836,12.6157913,555m/data=!3m2!1e3!4b1!4m9!3m8!1s0x132f7cb5b852fccf:0x7fa364b23a72b498!5m3!1s2020-05-22!4m1!1i2!8m2!3d41.9136796!4d12.61798"
78,Ih Hotels Milan Puccini,4,4,Midscale,2019,,9300000.0,65,143077,143000,,,,Sale,,,,,,,nan,nan,,Atto,,
79,Radisson Blu Milano,4,4,Upper Upscale,2018,,24000000.0,250,96000,96000,,,,Sale,,,,,,,nan,nan,,Atto,,
80,Aparthotel Adagio Rome Vatican,4,4,Upper Midscale,2019,,13741604.0,82,167581,168000,,,,Portfolio,Roma,RM,Roma,Lazio,41.91995,12.436147,high,Google place pin,Aparthotel Adagio Rome Vatican,,,"https://www.google.com/maps/place/Aparthotel+Adagio+Rome+Vatican/@41.919954,12.4339583,555m/data=!3m2!1e3!4b1!4m9!3m8!1s0x132f5e29ba6f6efd:0x3a5b0cc823a897d!5m3!1s2020-05-22!4m1!1i2!8m2!3d41.91995!4d12.436147"
81,Hotel NYX Milano,4,4,,2018,,62000000.0,299,207358,207000,,,,Sale,,,,,,,nan,nan,,Atto,,
82,UNA Hotel Roma,4,4,Upscale,2016,,51639504.0,197,262129,262000,,,,Entity-level transaction. Part of a portfolio.,Roma,RM,Roma,Lazio,41.899842,12.499711,high,Google place pin,UNAHOTELS Decò,,,"https://www.google.com/maps/place/UNAHOTELS+Dec%C3%B2/@41.8998425,12.4975223,17z/data=!3m1!4b1!4m8!3m7!1s0x132f61a46b74a793:0x344c6b3361f07f54!5m2!4m1!1i2!8m2!3d41.8998425!4d12.499711"
83,NH Naidi Roma,5,5,Upscale,2019,,239100527.0,238,1004624,1005000,,,,Portfolio (Pending),Roma,RM,Roma,Lazio,41.901938,12.495964,high,Google place pin,Palazzo Naiadi Roma,,,"https://www.google.com/maps/place/Palazzo+Naiadi+Roma/@41.9019385,12.4937756,17z/data=!3m1!4b1!4m8!3m7!1s0x132f614752aef0cb:0x6c52bef2cbef5d9c!5m2!4m1!1i2!8m2!3d41.9019385!4d12.4959643"
84,Hotel d'Inghilterra,5,5,,2016,,88312946.0,88,1003556,1004000,,,,Portfolio,Roma,RM,Roma,Lazio,41.904711,12.480598,high,Google place pin,Hotel d'Inghilterra,,,"https://www.google.com/maps/place/Hotel+d'Inghilterra/@41.904715,12.4784098,555m/data=!3m2!1e3!4b1!4m9!3m8!1s0x132f60545e61065f:0xa04dab4de9a44f06!5m3!1s2020-05-22!4m1!1i2!8m2!3d41.904711!4d12.4805985"
85,Glam Hotel Milano,4,4,,2019,,57003000.0,171,333351,333000,,,,Sale,,,,,,,nan,nan,,Atto,,
86,Grand Hotel et des Palmes,4,4,,2018,,11750000.0,179,65642,66000,,,,Sale,Palermo,PA,Palermo,Sicilia,38.123914,13.359318,high,Google place pin,"Via Roma, 398, 90139 Palermo PA",Atto,,"https://www.google.it/maps/place/Via+Roma,+398,+90139+Palermo+PA/@38.1239184,13.3571294,587m/data=!3m2!1e3!4b1!4m5!3m4!1s0x1319e5f6184ff819:0xcfb2b944f4b28af0!8m2!3d38.1239142!4d13.3593181"
87,Mercure Excelsior,1,1,Upper Midscale,2019,,8000000.0,118,67797,68000,,,,Sale,Palermo,PA,Palermo,Sicilia,38.130205,13.351363,high,Google place pin,Excelsior Palace Palermo,Atto,,"https://www.google.it/maps/place/Excelsior+Palace+Palermo/@38.1302091,13.3491742,587m/data=!3m2!1e3!4b1!4m9!3m8!1s0x1319ef50eafe616d:0xd62f3fc6fbb3d65f!5m3!1s2020-05-22!4m1!1i2!8m2!3d38.1302049!4d13.3513629"
88,Mercure Corso Trieste,3,3,Upper Midscale,2016,,21539198.0,97,222054,222000,,,,Portfolio,Roma,RM,Roma,Lazio,41.920799,12.51394,high,Google place pin,Mercure Roma Corso Trieste,,,"https://www.google.it/maps/place/Mercure+Roma+Corso+Trieste/@41.920803,12.5117513,555m/data=!3m2!1e3!4b1!4m9!3m8!1s0x132f61696a336567:0x2807d80ba15c79eb!5m3!1s2020-05-22!4m1!1i2!8m2!3d41.920799!4d12.51394"
89,Grand Hotel Excelsior,4,4,,2018,,11000000.0,176,62500,63000,,,,Sale,Catania,CT,Catania,Sicilia,37.513738,15.093032,high,Google place pin,Excelsior Grand Hotel Catania,,,"https://www.google.it/maps/place/Excelsior+Grand+Hotel+Catania/@37.513742,15.090843,591m/data=!3m2!1e3!4b1!4m9!3m8!1s0x1313fccdcf8c9b35:0x8fb4a6727878cc8e!5m3!1s2020-05-22!4m1!1i2!8m2!3d37.5137378!4d15.0930317"
90,Villa Igiea,5,5,Luxury,2018,Q4,22522000.0,132,170621,171000,,,,Sale,Palermo,PA,Palermo,Sicilia,38.145192,13.369927,high,Google place pin,"Villa Igiea, a Rocco Forte Hotel",Atto,,"https://www.google.it/maps/place/Villa+Igiea,+a+Rocco+Forte+Hotel/@38.1451964,13.3677382,586m/data=!3m2!1e3!4b1!4m9!3m8!1s0x1319e6059e19ca3f:0x787bbc4fd9696e6e!5m3!1s2020-05-22!4m1!1i2!8m2!3d38.1451922!4d13.3699269"
91,Hotel Carlyle Brera,4,4,,2018,,42000000.0,97,432990,433000,,,,Sale,Milano,MI,Milano,Lombardia,45.476944,9.184444,high,Google place pin,Carlyle Brera Hotel,,,"https://www.google.com/maps/place/Carlyle+Brera+Hotel/@45.4769481,9.1822557,811m/data=!3m2!1e3!4b1!4m8!3m7!1s0x4786c14a7bbf669f:0x405947ff88daf68d!5m2!4m1!1i2!8m2!3d45.4769444!4d9.1844444?hl=it"
92,J24,4,4,Upscale,2019,,13650000.0,151,90397,90000,,,,Sale,,,,,,,nan,nan,,,,
93,Westin Palace,5,5,,2017,,85000000.0,227,374449,374000,,,,Sale,Milano,MI,Milano,Lombardia,45.478649,9.199234,high,Google place pin,The Westin Palace Milan,,,"https://www.google.com/maps/place/The+Westin+Palace+Milan/@45.4788479,9.1977976,573m/data=!3m1!1e3!4m8!3m7!1s0x4786c6c88e80c061:0x150964a37af13d07!5m2!4m1!1i2!8m2!3d45.4786492!4d9.1992341?hl=it"
94,Fonteverde Natural Spa Resort,5,5,,2019,,14030071.0,78,179873,180000,,,,Portfolio,San Casciano dei Bagni,SI,Siena,Toscana,42.861606,11.876531,high,Google place pin,Fonteverde,,,"https://www.google.it/maps/place/Fonteverde/@42.8616099,11.8743423,547m/data=!3m2!1e3!4b1!4m9!3m8!1s0x132a4e3422987065:0x492de678ba78b4f2!5m3!1s2020-05-22!4m1!1i2!8m2!3d42.861606!4d11.876531"
95,Grand Hotel Continental,5,5,,2016,,17060000.0,51,334510,335000,,,,Sale,Siena,SI,Siena,Toscana,43.320845,11.330612,high,Google place pin,Grand Hotel Continental Siena - Starhotels Collezione,internal file,,"https://www.google.it/maps/place/Grand+Hotel+Continental+Siena+-+Starhotels+Collezione/@43.3208488,11.3284236,542m/data=!3m2!1e3!4b1!4m9!3m8!1s0x132a2cb834bc5383:0x2cb3ca2038e51b42!5m3!1s2020-05-22!4m1!1i2!8m2!3d43.3208449!4d11.3306123"
96,"Palazzo Matteotti, The Dedica Anthology (ex Boscolo)",4,4,Upper Upscale,2016,,101000000.0,156,647436,647000,,,,Sale,Milano,MI,Milano,Lombardia,45.466908,9.194085,high,Google place pin,"Palazzo Matteotti, The Dedica Anthology, Autograph Collection",,,"https://www.google.it/maps/place/Palazzo+Matteotti,+The+Dedica+Anthology,+Autograph+Collection/@45.466812,9.1938225,311m/data=!3m1!1e3!4m17!1m7!2m6!1sBoscolo+Palazzo+Matteotti!5m4!5m3!1s2020-05-22!4m1!1i2!3m8!1s0x0:0x18d2c73e4c78ab43!5m3!1s2020-05-22!4m1!1i2!8m2!3d45.4669077!4d9.1940854"
97,UNA Palazzo Mannaioni,4,4,Upscale,2016,,5971177.0,47,127046,127000,,,,Entity-level transaction. Part of a portfolio.,Montaione,FI,Firenze,Toscana,43.553013,10.911398,high,Google place pin,UNAHOTELS Palazzo Mannaioni Toscana,,,"https://www.google.it/maps/place/UNAHOTELS+Palazzo+Mannaioni+Toscana/@43.5530167,10.9092092,540m/data=!3m2!1e3!4b1!4m9!3m8!1s0x132a149519acdcf3:0x1abe28361956b536!5m3!1s2020-05-22!4m1!1i2!8m2!3d43.5530128!4d10.9113979"
98,Classhotel Pisa Pontedera,4,4,,2019,,12231344.0,68,179873,180000,,,,Portfolio,Pontedera,PI,Pisa,Toscana,43.632419,10.59653,high,Google place pin (multiple pins in URL),"Hotel 4 stelle Pisa Valdera, ristorante, sale meeting, hotel for groups with buses parking",,,"https://www.google.com/maps/place/43%C2%B037'56.2%22N+10%C2%B035'47.6%22E/@43.632263,10.594352,17z/data=!3m1!4b1!4m17!1m10!3m9!1s0x12d58af2a60cec55:0x92f5748262265166!2sHotel+4+stelle+Pisa+Valdera,+ristorante,+sale+meeting,+hotel+for+groups+with+buses+parking!5m3!1s2020-05-22!4m1!1i2!8m2!3d43.6324188!4d10.5965303!3m5!1s0x0:0x0!7e2!8m2!3d43.6322635!4d10.5965464"
99,Castle of Sammezzano,,,,2017,,15400000.0,365,42192,42000,,,,Auction,Reggello,FI,Firenze,Toscana,43.702847,11.471829,high,Google place pin,Castello di Sammezzano,,,"https://www.google.it/maps/place/Castello+di+Sammezzano/@43.7028508,11.4696407,539m/data=!3m2!1e3!4b1!4m5!3m4!1s0x132bae5130cfafb3:0xbbf1416e861cce02!8m2!3d43.7028469!4d11.4718294"
100,Belmond Villa San Michele,,,Luxury,2019,,,46,,,,,,Entity-level transaction. Part of a portfolio.,Fiesole,FI,Firenze,Toscana,43.802776,11.298449,high,Google place pin,Belmond Villa San Michele,,,"https://www.google.it/maps/place/Belmond+Villa+San+Michele/@43.8027799,11.2962603,538m/data=!3m2!1e3!4b1!4m9!3m8!1s0x132a550074f66c17:0xdbc63b9c4427823c!5m3!1s2020-05-22!4m1!1i2!8m2!3d43.802776!4d11.298449"
101,UNA Hotel Vittoria,4,4,Upscale,2016,,10671891.0,84,127046,127000,,,,Entity-level transaction. Part of a portfolio.,Firenze,FI,Firenze,Toscana,43.770871,11.234186,high,Google place pin,UNAHOTELS Vittoria Firenze,,,"https://www.google.it/maps/place/UNAHOTELS+Vittoria+Firenze/@43.7708749,11.2319973,538m/data=!3m2!1e3!4b1!4m9!3m8!1s0x132a50c812279e29:0xeaaa01fc452b32b8!5m3!1s2020-05-22!4m1!1i2!8m2!3d43.770871!4d11.234186"
102,Domus Romana,4,4,,2019,Q1,14000000.0,47,297872,298000,,,,Sale,Roma,RM,Roma,Lazio,41.900862,12.49242,high,Google place pin (multiple pins in URL),Hotel Domus Romana,,,"https://www.google.com/maps/place/41%C2%B054'03.1%22N+12%C2%B029'32.7%22E/@41.900862,12.4918715,19z/data=!3m1!4b1!4m17!1m10!3m9!1s0x132f61aedfe321cd:0x2c0a9c97ede9b9c3!2sHotel+Domus+Romana!5m3!1s2020-05-22!4m1!1i2!8m2!3d41.9008468!4d12.4924745!3m5!1s0x0:0x0!7e2!8m2!3d41.9008618!4d12.4924195"
103,Hotel Tornabuoni Beacci,4,4,,2016,,40986075.0,56,731894,732000,,,,Portfolio,Firenze,FI,Firenze,Toscana,43.770319,11.251228,high,Google place pin,Il Tornabuoni Hotel,,,"https://www.google.it/maps/place/Il+Tornabuoni+Hotel/@43.7703233,11.2490391,538m/data=!3m2!1e3!4b1!4m9!3m8!1s0x132a56aa6ca0bd25:0x8ba9c87b8d2015a5!5m3!1s2020-05-22!4m1!1i2!8m2!3d43.7703194!4d11.2512278"
104,Grand Hotel Beverly Hills,4,4,,2017,,33000000.0,183,180328,180000,,,,Sale,Roma,RM,Roma,Lazio,41.918323,12.49747,high,Google place pin,Hotel Beverly Hills Rome,,,"https://www.google.it/maps/place/Hotel+Beverly+Hills+Rome/@41.9183271,12.4952813,555m/data=!3m2!1e3!4b1!4m9!3m8!1s0x132f61105bf96bbb:0x91637f236f4fdbb6!5m3!1s2020-05-22!4m1!1i2!8m2!3d41.9183231!4d12.49747"
105,NH Collection Roma Centro,4,4,Upper Upscale,2017,,77000000.0,244,315574,316000,,,,Sale,Roma,RM,Roma,Lazio,41.909776,12.468714,high,Google place pin,Hotel NH Collection Roma Centro,,,"https://www.google.it/maps/place/Hotel+NH+Collection+Roma+Centro/@41.9097804,12.4665253,555m/data=!3m2!1e3!4b1!4m9!3m8!1s0x132f60589de958d7:0x270e00f08b670083!5m3!1s2020-05-22!4m1!1i2!8m2!3d41.9097764!4d12.468714"
106,Regency,4,4,Luxury,2016,,6500000.0,51,127451,127000,,,,Sale,,,,,19.422926,-99.164385,suspect,Google place pin,Hotel Segovia ​ Regency​,,,"https://www.google.com/maps/place/Hotel+Segovia+%E2%80%8B+Regency%E2%80%8B/@19.4229261,-99.1665741,17z/data=!3m1!4b1!4m8!3m7!1s0x85d1ff36fae463eb:0xbd926102cf6348ce!5m2!4m1!1i2!8m2!3d19.4229261!4d-99.1643854"
107,Hotel Helvetia & Bristol,5,5,Luxury,2016,,32588391.0,67,486394,486000,,,,Portfolio,Firenze,FI,Firenze,Toscana,43.771732,11.252322,high,Google place pin,Helvetia & Bristol Firenze - Starhotels Collezione,,,"https://www.google.it/maps/place/Helvetia+%26+Bristol+Firenze+-+Starhotels+Collezione/@43.7717362,11.2501335,538m/data=!3m2!1e3!4b1!4m9!3m8!1s0x132a56aa09ad2107:0x6922fd93f95683b4!5m3!1s2020-05-22!4m1!1i2!8m2!3d43.7717323!4d11.2523222"
108,Hotel Mgallery Cerretani Firenze,4,4,Upper Upscale,2018,,42716667.0,86,496705,497000,,,0.046,Sale,Firenze,FI,Firenze,Toscana,43.773504,11.252265,high,Google place pin,Hotel Cerretani Firenze - MGallery,,,"https://www.google.it/maps/place/Hotel+Cerretani+Firenze+-+MGallery/@43.7735078,11.2500761,538m/data=!3m2!1e3!4b1!4m9!3m8!1s0x132a54020bd5ccff:0x304a81105f1f7a40!5m3!1s2020-05-22!4m1!1i2!8m2!3d43.7735039!4d11.2522648"
109,Nh Collection Palazzo Gaddi,4,4,Upper Upscale,2019,,24523843.0,86,285161,285000,,,,Portfolio,Firenze,FI,Firenze,Toscana,43.774171,11.251448,high,Google place pin,Palazzo Gaddi Firenze,,,"https://www.google.it/maps/place/Palazzo+Gaddi+Firenze/@43.7741752,11.2492589,538m/data=!3m2!1e3!4b1!4m5!3m4!1s0x132a56a9c30cd801:0x56b569354b840711!8m2!3d43.7741713!4d11.2514476"
110,Holiday Inn Rome - EUR Parco Dei Medici,4,4,Upper Midscale,2015,,32000000.0,317,100946,101000,,,,Sale,Roma,RM,Roma,Lazio,41.822863,12.412172,high,Google place pin,Holiday Inn Rome - Eur Parco Dei Medici,,,"https://www.google.it/maps/place/Holiday+Inn+Rome+-+Eur+Parco+Dei+Medici/@41.8228674,12.4099829,556m/data=!3m2!1e3!4b1!4m9!3m8!1s0x132f5fe8a0f9c8ad:0x349b5c286857ca71!5m3!1s2020-05-22!4m1!1i2!8m2!3d41.8228634!4d12.4121716"
111,La Lama (Hilton),4,4,Luxury,2018,,50600000.0,439,115262,115000,,,,Sale,Roma,RM,Roma,Lazio,41.830447,12.471404,high,Google place pin,Hilton Rome Eur La Lama,,,"https://www.google.it/maps/place/Hilton+Rome+Eur+La+Lama/@41.8304507,12.4692152,556m/data=!3m2!1e3!4b1!4m9!3m8!1s0x13258b1d5ca25721:0x5dc778c3f47e863d!5m3!1s2020-05-22!4m1!1i2!8m2!3d41.8304467!4d12.4714039"
112,Grotta Giusti,4,4,,2019,,11511853.0,64,179873,180000,,,,Portfolio,Monsummano Terme,PT,Pistoia,Toscana,43.866806,10.831807,high,Google place pin,Grotta Giusti,,,"https://www.google.it/maps/place/Grotta+Giusti/@43.8668098,10.8296183,538m/data=!3m2!1e3!4b1!4m9!3m8!1s0x132a6292df20b38f:0x48252e154def58cf!5m3!1s2020-05-22!4m1!1i2!8m2!3d43.866806!4d10.831807"
113,Villa Le Maschere,5,5,,2016,,8258011.0,65,127046,127000,,,,Entity-level transaction. Part of a portfolio.,Barberino di Mugello,FI,Firenze,Toscana,43.994428,11.269493,high,Google place pin,Villa Le Maschere,,,"https://www.google.it/maps/place/Villa+Le+Maschere/@43.9944313,11.2673046,536m/data=!3m2!1e3!4b1!4m9!3m8!1s0x132ae34c8426422d:0x79eb459e9499727!5m3!1s2020-05-22!4m1!1i2!8m2!3d43.9944275!4d11.2694933"
114,UNA Hotel Poggio dei Medici,4,4,Upscale,2016,,8893243.0,70,127046,127000,,,,Entity-level transaction. Part of a portfolio.,Scarperia e San Piero,FI,Firenze,Toscana,43.995866,11.330918,high,Google place pin,UNAHOTELS Poggio dei Medici Toscana,,,"https://www.google.it/maps/place/UNAHOTELS+Poggio+dei+Medici+Toscana/@43.9958696,11.3287297,536m/data=!3m2!1e3!4b1!4m9!3m8!1s0x132ae2b003f88983:0xeb2068fb798d79de!5m3!1s2020-05-22!4m1!1i2!8m2!3d43.9958658!4d11.3309184"
115,Novotel Malpensa Airport,4,4,Upscale,2018,,10000000.0,208,48077,48000,,,,Sale,Cardano al Campo,VA,Varese,Lombardia,45.641893,8.759078,high,Google place pin,Novotel Milano Malpensa Airport,Atto,,"https://www.google.it/maps/place/Novotel+Milano+Malpensa+Airport/@45.6418971,8.756889,521m/data=!3m2!1e3!4b1!4m9!3m8!1s0x478661f8173c47af:0x43073dc57c6877eb!5m3!1s2020-05-22!4m1!1i2!8m2!3d45.6418934!4d8.7590777"
116,UNA Hotel Versilia,4,4,Upscale,2016,,12577586.0,99,127046,127000,,,,Entity-level transaction. Part of a portfolio.,Camaiore,LU,Lucca,Toscana,43.899262,10.222292,high,Google place pin,Una Hotel Versilia,,,"https://www.google.it/maps/place/Una+Hotel+Versilia/@43.8992659,10.2201035,537m/data=!3m2!1e3!4b1!4m9!3m8!1s0x12d5a1ac3d17912d:0x1e41251d0a70f72c!5m3!1s2020-05-22!4m1!1i2!8m2!3d43.8992621!4d10.2222922"
117,Ex Locanda San Pietro,4,4,,2017,,6000000.0,31,193548,194000,,,,Auction,Gemmano,RN,Rimini,Emilia-Romagna,43.909192,12.600431,high,Google place pin (multiple pins in URL),Locanda Di San Pietro,,,"https://www.google.com/maps/place/43%C2%B054'33.1%22N+12%C2%B036'01.6%22E/@43.909192,12.5998825,19z/data=!3m1!4b1!4m13!1m6!3m5!1s0x132cef6ed9f96739:0x7ef115ddfd379e51!2sLocanda+Di+San+Pietro!8m2!3d43.9092!4d12.60044!3m5!1s0x0:0x0!7e2!8m2!3d43.9091923!4d12.6004306"
118,Belmond Splendido Mare,5,5,Luxury,2019,,,16,,,,,,Entity-level transaction. Part of a portfolio.,Portofino,GE,Genova,Liguria,44.303241,9.209142,high,Google place pin (multiple pins in URL),Belmond Splendido Mare,,,"https://www.google.com/maps/place/44%C2%B018'11.9%22N+9%C2%B012'33.2%22E/@44.303302,9.2086705,19z/data=!3m1!4b1!4m17!1m10!3m9!1s0x12d49fc0c0fa2aaf:0xb54c894cca980fc4!2sBelmond+Splendido+Mare!5m3!1s2020-05-22!4m1!1i2!8m2!3d44.3032414!4d9.2091417!3m5!1s0x0:0x0!7e2!8m2!3d44.3033022!4d9.209219"
119,Serena Majestic Hotel Residence - Montesilvano,4,4,,2017,,12000000.0,200,60000,60000,,,,Sale,Montesilvano,PE,Pescara,Abruzzo,42.523443,14.153875,high,Google place pin (multiple pins in URL),Serena Majestic,Atto,,"https://www.google.com/maps/place/42%C2%B031'25.3%22N+14%C2%B009'15.1%22E/@42.52368,14.1532605,18z/data=!3m1!4b1!4m17!1m10!3m9!1s0x1331b00b2cafdb03:0xf6fab6a8da4bc14f!2sSerena+Majestic!5m3!1s2020-05-22!4m1!1i2!8m2!3d42.523443!4d14.153875!3m5!1s0x0:0x0!7e2!8m2!3d42.5236797!4d14.1541827"
120,Hotel Villa La Bollina,4,4,,2017,,2362623.0,12,196885,197000,,,,Portfolio,Serravalle Scrivia,AL,Alessandria,Piemonte,44.724281,8.837243,high,Google place pin (multiple pins in URL),Villa La Bollina,,,"https://www.google.com/maps/place/44%C2%B043'27.4%22N+8%C2%B050'14.1%22E/@44.724281,8.8366945,19z/data=!3m1!4b1!4m17!1m10!3m9!1s0x478760b08982a33d:0xd854c67f368d3c6d!2sVilla+La+Bollina!5m3!1s2020-05-22!4m1!1i2!8m2!3d44.7243836!4d8.8373315!3m5!1s0x0:0x0!7e2!8m2!3d44.7242807!4d8.837243"
121,Hotel Michelangelo,4,4,,2017,,1220000.0,29,42069,42000,,,,Auction,Carrara,MS,Massa-Carrara,Toscana,44.078132,10.096176,high,Google place pin (multiple pins in URL),Hotel Michelangelo,,,"https://www.google.com/maps/place/44%C2%B004'41.2%22N+10%C2%B005'46.4%22E/@44.078108,10.0956655,19z/data=!3m1!4b1!4m17!1m10!3m9!1s0x12d50f907e098ebf:0x7b0fd133ee6cb2f5!2sHotel+Michelangelo!5m3!1s2020-05-22!4m1!1i2!8m2!3d44.0781324!4d10.0961762!3m5!1s0x0:0x0!7e2!8m2!3d44.078108!4d10.0962142?hl=it"
122,Hotel Raffaello,4,4,,2017,,3000000.0,200,15000,15000,,,,Auction,Modena,MO,Modena,Emilia-Romagna,44.636138,10.89214,high,Google place pin (multiple pins in URL),Hotel Raffaello - Cit hotels,,,"https://www.google.com/maps/place/44%C2%B038'10.1%22N+10%C2%B053'31.7%22E/@44.636138,10.891043,18z/data=!3m1!4b1!4m13!1m6!3m5!1s0x477fef8579b6b15b:0xe51decf5ebe0b129!2sHotel+Raffaello+-+Cit+hotels!8m2!3d44.6360385!4d10.8923597!3m5!1s0x0:0x0!7e2!8m2!3d44.6361377!4d10.8921398"
123,Hotel Baia Flaminia Resort,4,4,,2017,,5705000.0,118,48347,48000,,,,Sale,Pesaro,PU,Pesaro e Urbino,Marche,43.921742,12.899162,high,Google place pin,Hotel Baia Flaminia,,,"https://www.google.com/maps/place/Hotel+Baia+Flaminia/@43.9217418,12.8969729,17z/data=!3m1!4b1!4m8!3m7!1s0x132d1932a3b82de3:0x62411fdf5e1e2489!5m2!4m1!1i2!8m2!3d43.9217418!4d12.8991616"
124,UNA Hotel Bologna,4,4,Upscale,2016,,12577586.0,99,127046,127000,,,,Entity-level transaction. Part of a portfolio.,Bologna,BO,Bologna,Emilia-Romagna,44.505184,11.341895,high,Google place pin,UNA Hotel Bologna,,,"https://www.google.com/maps/place/UNA+Hotel+Bologna/@44.505184,11.3397063,17z/data=!3m1!4b1!4m8!3m7!1s0x477fd49eaa38323f:0x304606ab58001d52!5m2!4m1!1i2!8m2!3d44.505184!4d11.341895"
125,UNAWAY Hotel,4,4,Upper Midscale,2016,,10671891.0,84,127046,127000,,,,Entity-level transaction. Part of a portfolio.,Occhiobello,RO,Rovigo,Veneto,44.91901,11.5943,high,Google place pin,UNAWAY Hotel Occhiobello,,,"https://www.google.com/maps/place/UNAWAY+Hotel+Occhiobello/@44.9190101,11.5921111,17z/data=!3m1!4b1!4m8!3m7!1s0x477e5232f0deedd7:0xff8ca073d6461495!5m2!4m1!1i2!8m2!3d44.9190101!4d11.5942998"
126,Tulip Inn Padova Hotel,3,3,Midscale,2015,,8039897.0,112,71785,72000,,,,Entity-level transaction. Part of a portfolio.,Padova,PD,Padova,Veneto,45.390749,11.944761,high,Google place pin,Tulip Inn Padova Hotel,,,"https://www.google.com/maps/place/Tulip+Inn+Padova+Hotel/@45.390749,11.9425724,17z/data=!3m1!4b1!4m8!3m7!1s0x477ec4d884885e61:0x1ce2374622689c66!5m2!4m1!1i2!8m2!3d45.390749!4d11.9447611"
127,Crowne Plaza,4,4,Upscale,2019,,,177,,,,,,Portfolio,Padova,PD,Padova,Veneto,45.454237,11.856892,high,Google place pin,Crowne Plaza Padova,,,"https://www.google.com/maps/place/Crowne+Plaza+Padova/@46.7581709,10.6650885,7z/data=!4m15!1m6!2m5!1sCrowne+Plaza!5m3!5m2!4m1!1i2!3m7!1s0x477ed74b59ad1f5b:0x28263c964d7a04f7!5m2!4m1!1i2!8m2!3d45.4542365!4d11.8568922"
128,Hotel Palace,4,4,,2017,,420000.0,52,8077,8000,,,,Auction,Cittadella,PD,Padova,Veneto,45.645634,11.769581,high,Google place pin,Hotel Palace,,,"https://www.google.com/maps/place/Hotel+Palace/@45.645358,11.7557033,14z/data=!4m15!1m6!2m5!1shotel+palace+cittadella!5m3!5m2!4m1!1i2!3m7!1s0x4778d44e65e73b71:0xeeacd28ff989567!5m2!4m1!1i2!8m2!3d45.6456345!4d11.7695814"
129,Hotel Villa Michelangelo,4,4,,2016,,25292482.0,52,486394,486000,,,,Portfolio,Arcugnano,VI,Vicenza,Veneto,45.497159,11.545224,high,Google place pin,Hotel Villa Michelangelo,,,"https://www.google.com/maps/place/Hotel+Villa+Michelangelo/@45.4971587,11.5430351,17z/data=!3m1!4b1!4m8!3m7!1s0x477f3044d56e11cd:0xb23ea4e8bdb55b7b!5m2!4m1!1i2!8m2!3d45.4971587!4d11.5452238"
130,Sheraton Roma Hotel,4,4,Upper Upscale,2017,,37000000.0,640,57812,58000,,,,Sale,Roma,RM,Roma,Lazio,41.843024,12.471469,high,Google place pin,Sheraton Roma Hotel & Conference Center,,,"https://www.google.com/maps/place/Sheraton+Roma+Hotel+%26+Conference+Center/@41.843024,12.4692803,17z/data=!3m1!4b1!4m8!3m7!1s0x13258aefd8e47001:0xc22b98abe1124c19!5m2!4m1!1i2!8m2!3d41.843024!4d12.471469"
131,Crowne Plaza Rome St.Peter,4,4,Upscale,2019,Q2,26000000.0,307,84691,85000,,,,Sale,Roma,RM,Roma,Lazio,41.888836,12.426074,high,Google place pin,Crowne Plaza Rome - St. Peter's,,,"https://www.google.com/maps/place/Crowne+Plaza+Rome+-+St.+Peter's/@41.8888363,12.4238849,17z/data=!3m1!4b1!4m8!3m7!1s0x132f5fe8b4bf70cd:0x586cc964285c08da!5m2!4m1!1i2!8m2!3d41.8888363!4d12.4260736"
132,Hotel Capo D'Africa,4,4,,2019,,28000000.0,65,430769,431000,,,,Sale,Roma,RM,Roma,Lazio,41.888458,12.497507,high,Google place pin,Hotel Capo d'Africa,,,"https://www.google.com/maps/place/Hotel+Capo+d'Africa/@41.8884579,12.4953181,17z/data=!3m1!4b1!4m8!3m7!1s0x132f61b8437c914f:0x54b653f825b699a8!5m2!4m1!1i2!8m2!3d41.8884579!4d12.4975068"
133,UNA Hotel Brescia,4,4,Upscale,2016,,18421717.0,145,127046,127000,,,,Portfolio,Brescia,BS,Brescia,Lombardia,45.565926,10.236605,high,Google place pin,UNA Hotel Brescia,,,"https://www.google.com/maps/place/UNA+Hotel+Brescia/@45.5623531,10.2311487,16z/data=!4m15!1m6!2m5!1sUNA+Hotel+Brescia+!5m3!5m2!4m1!1i2!3m7!1s0x478177c9405902f1:0x67b79d0c03280fa1!5m2!4m1!1i2!8m2!3d45.5659256!4d10.2366047"
134,UNA Hotel Lodi,4,4,Upscale,2016,,5238140.0,58,90313,90000,,,,Portfolio,Lodi,LO,Lodi,Lombardia,45.322435,9.456009,high,Google place pin,UNA Hotel Lodi,,,"https://www.google.com/maps/place/UNA+Hotel+Lodi/@45.311325,9.4566269,14z/data=!4m12!1m6!2m5!1sUNA+Hotel+Lodi!5m3!5m2!4m1!1i2!3m4!1s0x47812d018e159787:0xa1440d68247ae6c1!8m2!3d45.3224349!4d9.4560092"
135,Venetia Palace Hotel,4,4,,2019,,,77,,,,,,Sale,Roma,RM,Roma,Lazio,41.903127,12.504702,high,Google place pin,Leonardo Boutique Hotel Rome Termini,,,"https://www.google.com/maps/place/Leonardo+Boutique+Hotel+Rome+Termini/@41.9031268,12.5025132,17z/data=!3m1!4b1!4m8!3m7!1s0x132f61a1ad541963:0x3012e90dd35cfab6!5m2!4m1!1i2!8m2!3d41.9031268!4d12.5047019"
136,UNA Golf Hotel Cavaglià,4,4,Upscale,2016,,4700714.0,37,127046,127000,,,,Portfolio,Cavaglià,BI,Biella,Piemonte,45.389713,8.129807,high,Google place pin,UNAHOTELS Golf Hotel Cavaglià,,,"https://www.google.com/maps/place/UNAHOTELS+Golf+Hotel+Cavagli%C3%A0/@45.3897134,8.127618,17z/data=!3m1!4b1!4m8!3m7!1s0x47862e0bcf011d9b:0xe2795d59c7b36309!5m2!4m1!1i2!8m2!3d45.3897134!4d8.1298067"
137,Tulip Inn Turn South Hotel,3,3,Midscale,2015,,7178479.0,100,71785,72000,,,,Entity-level transaction. Part of a portfolio.,Moncalieri,TO,Torino,Piemonte,44.973505,7.729389,high,Google place pin,Tulip Inn Turin South Hotel,,,"https://www.google.com/maps/place/Tulip+Inn+Turin+South+Hotel/@44.9735054,7.7272001,17z/data=!3m1!4b1!4m8!3m7!1s0x47880c3abf37e539:0x25c31529703e46a5!5m2!4m1!1i2!8m2!3d44.9735054!4d7.7293888"
138,Tulip Inn Turn West Hotel,3,3,Midscale,2015,,8111682.0,113,71785,72000,,,,Entity-level transaction. Part of a portfolio.,Rivoli,TO,Torino,Piemonte,45.057865,7.559866,high,Google place pin,Tulip Inn Turin West Hotel,,,"https://www.google.com/maps/place/Tulip+Inn+Turin+West+Hotel/@45.0578655,7.5577203,17z/data=!4m8!3m7!1s0x47886ad794ef9323:0xf6a5e2552689bbf0!5m2!4m1!1i2!8m2!3d45.0578655!4d7.5598661"
139,NH Hotel Torino Centro,4,4,Upscale,2019,,34843226.0,199,175092,175000,,,,Portfolio,Torino,TO,Torino,Piemonte,45.067883,7.665344,high,Google place pin,Hotel NH Torino Centro,,,"https://www.google.com/maps/place/Hotel+NH+Torino+Centro/@45.0578441,7.4898687,12z/data=!4m15!1m6!2m5!1sNH+Hotel+Torino+Centro+Torino!5m3!5m2!4m1!1i2!3m7!1s0x47886d108968936b:0x82a01099be381fb8!5m2!4m1!1i2!8m2!3d45.0678833!4d7.6653438"
140,Westin Excelsior,5,5,Upper Upscale,2015,,222000000.0,316,702532,703000,,,,Sale,Roma,RM,Roma,Lazio,41.907747,12.489957,high,Google place pin,The Westin Excelsior Roma,,,"https://www.google.com/maps/place/The+Westin+Excelsior+Roma/@41.9077473,12.4877682,17z/data=!3m1!4b1!4m8!3m7!1s0x132f6107544fb047:0x79f6a0a46f732437!5m2!4m1!1i2!8m2!3d41.9077473!4d12.4899569"
141,Club Valtur Marilleva,3,3,,2017,,12194482.0,262,46544,47000,,,,Portfolio,Mezzana,TN,Trento,Trentino-Alto Adige/Südtirol,46.30195,10.809174,high,Google place pin,Valtur Marilleva,,,"https://www.google.com/maps/place/Valtur+Marilleva/@46.3019501,10.8069854,17z/data=!4m8!1m2!2m1!1sClub+Valtur+Marilleva+trento!3m4!1s0x478258a55abd3fb5:0x30cb3863b2739a16!8m2!3d46.3019502!4d10.8091745"
142,Club Valtur Pila,3,3,,2017,,12100000.0,258,46899,47000,,,,Portfolio,Gressan,AO,Valle d'Aosta/Vallée d'Aoste,Valle d'Aosta/Vallée d'Aoste,45.683893,7.309022,high,Google place pin,TH Pila,,,"https://www.google.com/maps/place/TH+Pila/@45.6838926,7.3068336,17z/data=!3m1!4b1!4m8!3m7!1s0x478920132fa9be89:0xfdac3d7d8585af5a!5m2!4m1!1i2!8m2!3d45.6838926!4d7.3090223"
143,Aldrovandi Villa Borghese,5,5,,2016,,62000000.0,102,607843,608000,,,,Sale,Roma,RM,Roma,Lazio,41.918813,12.484823,high,Google place pin,Aldrovandi Villa Borghese,,,"https://www.google.com/maps/place/Aldrovandi+Villa+Borghese/@41.918813,12.4826339,17z/data=!3m1!4b1!4m8!3m7!1s0x132f611d40305ca7:0xf8e2c02a260e5455!5m2!4m1!1i2!8m2!3d41.918813!4d12.4848226"
144,Viva Liguria,5,5,,2017,,60480000.0,140,432000,432000,,,,Sale,Roma,RM,Roma,Lazio,41.90673,12.489379,high,Google place pin,Hotel Caprice,,,"https://www.google.com/maps/place/Hotel+Caprice/@41.9067297,12.4871904,17z/data=!3m1!4b1!4m8!3m7!1s0x132f60f8b0123397:0xd1c7918700ce6961!5m2!4m1!1i2!8m2!3d41.9067297!4d12.4893791"
145,Hotel Tirreno Resort,3,3,,2018,,,161,,,,,,Portfolio,Orosei,NU,Nuoro,Sardegna,40.433576,9.776793,high,Google place pin,Tirreno Resort,,Vacant possession,"https://www.google.com/maps/place/Tirreno+Resort/@40.4335763,9.7746044,17z/data=!3m1!4b1!4m8!3m7!1s0x12dee43fa141be73:0x3a6fd1bb5541915d!5m2!4m1!1i2!8m2!3d40.4335763!4d9.7767931"
146,Chia Laguna Resort,4,4,,2019,Q1,81302464.0,452,179873,180000,,,,Portfolio,Domus de Maria,SU,Sud Sardegna,Sardegna,38.896464,8.869111,high,Google place pin,Best Of Chia Laguna Resort,,,"https://www.google.com/maps/place/Best+Of+Chia+Laguna+Resort/@38.8964642,8.8669227,17z/data=!3m1!4b1!4m5!3m4!1s0x12e6ddd76bbc3f83:0xe6573db1d503faee!8m2!3d38.8964642!4d8.8691114"
147,Hotel M89,4,4,Upscale,2017,,8300000.0,55,150909,151000,460000.0,8000.0,0.05542168674698795,Sale,Milano,MI,Milano,Lombardia,45.452033,9.249639,high,Google place pin,Hotel M89,,,"https://www.google.com/maps/place/Hotel+M89/@45.452033,9.2474506,17z/data=!3m1!4b1!4m8!3m7!1s0x4786c5e00a9e7ca5:0xe7ae7feeb1bec725!5m2!4m1!1i2!8m2!3d45.452033!4d9.2496393"
148,Nhow Hotel,4,4,,2016,,51620000.0,246,209837,210000,,,,Sale,Milano,MI,Milano,Lombardia,45.450406,9.160611,high,Google place pin,Hotel nhow Milano,,,"https://www.google.com/maps/place/Hotel+nhow+Milano/@45.4504056,9.1584224,508m/data=!3m2!1e3!4b1!4m8!3m7!1s0x4786c3e61f324c01:0xf88c070bab56fe95!5m2!4m1!1i2!8m2!3d45.4504056!4d9.1606111?hl=it"
149,Hotel Brun (Sheraton Milano San Siro),4,4,Upper Upscale,2015,,28500000.0,315,90476,90000,,,,Sale,Milano,MI,Milano,Lombardia,45.478245,9.10321,high,Google place pin,,,,"https://www.google.com/maps/place/45%C2%B028'41.7%22N+9%C2%B006'11.6%22E/@45.478245,9.1026615,178m/data=!3m2!1e3!4b1!4m9!1m2!2m1!1shotel+brun+milano!3m5!1s0x0:0x0!7e2!8m2!3d45.4782453!4d9.1032101?hl=it"
150,UNA Hotel Scandinavia,4,4,Upscale,2016,,13817853.0,153,90313,90000,,,,Entity-level transaction. Part of a portfolio.,Milano,MI,Milano,Lombardia,45.485476,9.164106,high,Google place pin,UNAHOTELS Scandinavia Milano,,,"https://www.google.com/maps/place/UNAHOTELS+Scandinavia+Milano/@45.4853089,9.16176,964m/data=!3m1!1e3!4m8!3m7!1s0x4786c116f9804371:0xe4d6c9bc7444537a!5m2!4m1!1i2!8m2!3d45.4854758!4d9.164106?hl=it"
151,Leonardo Hotel City Center,4,4,,2015,,20550000.0,130,158077,158000,,,,Sale,Milano,MI,Milano,Lombardia,45.48249,9.175904,high,Google place pin,Leonardo Hotel Milan City Center,,,"https://www.google.com/maps/place/Leonardo+Hotel+Milan+City+Center/@45.4825232,9.1745985,482m/data=!3m1!1e3!4m8!3m7!1s0x4786c139853b00f9:0x5efc1ad1e579dbc4!5m2!4m1!1i2!8m2!3d45.4824905!4d9.1759042?hl=it"
152,Hyatt Centric Milan Centrale,4,4,Upper Upscale,2018,,76400000.0,141,541844,542000,,,,Sale,,,,,,,nan,nan,,Atto,,
153,Club Plaia D'Himera,4,4,,2018,,9000000.0,139,64748,65000,,,,Sale,Campofelice di Roccella,PA,Palermo,Sicilia,37.98488,13.84952,high,Google place pin,Plaia D'himera Park Hotel,,,"https://www.google.com/maps/place/Plaia+D'himera+Park+Hotel/@37.98488,13.8473313,17z/data=!3m1!4b1!4m8!3m7!1s0x131748972134a699:0x68215c7b38937fa4!5m2!4m1!1i2!8m2!3d37.98488!4d13.84952"
154,Four Poinits by Sheraton,4,4,Upscale,2018,,38000000.0,205,185366,185000,,,,Sale,Milano,MI,Milano,Lombardia,45.484962,9.198271,high,Google place pin,Four Points by Sheraton Milan Center,,,"https://www.google.com/maps/place/Four+Points+by+Sheraton+Milan+Center/@45.4855228,9.1968197,682m/data=!3m1!1e3!4m8!3m7!1s0x4786c6ce188a5b8f:0xeee4d6ca75b1c355!5m2!4m1!1i2!8m2!3d45.484962!4d9.198271?hl=it"
155,Hotel Aurelia Antica (Ex Melià),4,4,,2018,,32000000.0,270,118519,119000,,,,Sale,Roma,RM,Roma,Lazio,41.876053,12.394328,high,Google place pin,Hotel Roma Aurelia Antica,,,"https://www.google.com/maps/place/Hotel+Roma+Aurelia+Antica/@41.8760527,12.3921397,17z/data=!3m1!4b1!4m8!3m7!1s0x132f5f8654767dd3:0xbfb16bb437f9a63f!5m2!4m1!1i2!8m2!3d41.8760527!4d12.3943284"
156,Laguna Palace,4,4,,2018,,9000000.0,71,126761,127000,,,,Sale,Grado,GO,Gorizia,Friuli-Venezia Giulia,45.682575,13.379425,high,Google place pin,Laguna Palace Hotel,,,"https://www.google.com/maps/place/Laguna+Palace+Hotel/@45.6825752,13.3772363,17z/data=!3m1!4b1!4m8!3m7!1s0x477b9edc869f5149:0x87be96448b28908c!5m2!4m1!1i2!8m2!3d45.6825752!4d13.379425"
157,Ibis Styles Roma EUR,4,4,Midscale,2018,,5200000.0,120,43333,43000,,,,Sale,Roma,RM,Roma,Lazio,41.830455,12.456461,high,Google place pin,Hotel ibis Styles Roma Eur,,,"https://www.google.com/maps/place/Hotel+ibis+Styles+Roma+Eur/@41.8810258,12.4219402,12z/data=!4m11!1m2!2m1!1sIbis+Styles+Roma+EUR+roma!3m7!1s0x13258b26bc60c151:0xd2524435550664d9!5m2!4m1!1i2!8m2!3d41.8304546!4d12.4564607"
158,UNA Hotel Brescia,4,4,Upscale,2018,,8000000.0,145,55172,55000,,,,Sale,Brescia,BS,Brescia,Lombardia,45.565926,10.236605,high,Google place pin,UNA Hotel Brescia,,Diventerà Double Tree by Hilton,"https://www.google.com/maps/place/UNA+Hotel+Brescia/@45.5623531,10.2311487,16z/data=!4m15!1m6!2m5!1sUNA+Hotel+Brescia+!5m3!5m2!4m1!1i2!3m7!1s0x478177c9405902f1:0x67b79d0c03280fa1!5m2!4m1!1i2!8m2!3d45.5659256!4d10.2366047"
159,Hotel Continental,4,4,,2018,,9100000.0,116,78448,78000,,,,Sale,Rimini,RN,Rimini,Emilia-Romagna,44.066038,12.583056,high,Google place pin,Hotel Continental Rimini,,,"https://www.google.com/maps/place/Hotel+Continental+Rimini/@44.0660375,12.5808672,17z/data=!3m1!4b1!4m8!3m7!1s0x132cc37168068d3b:0xb43bd4e029c3e2b8!5m2!4m1!1i2!8m2!3d44.0660375!4d12.5830559"
160,Corte dei Tusci,4,4,,2018,,10600000.0,192,55208,55000,,,,Sale,Scarlino,GR,Grosseto,Toscana,42.902491,10.780626,high,Google place pin,Corte Dei Tusci Village Palace,,,"https://www.google.com/maps/place/Corte+Dei+Tusci+Village+Palace/@42.902491,10.7784373,17z/data=!3m1!4b1!4m8!3m7!1s0x1329dca3de9284cd:0x90164980865d6aac!5m2!4m1!1i2!8m2!3d42.902491!4d10.780626"
161,Palazzo degli Angeli,,,,2018,,11500000.0,38,302632,303000,,,,Sale,Firenze,FI,Firenze,Toscana,43.770436,11.254583,high,Google place pin,Palazzo degli Angeli,,"da trasformare in boutique hotel, venditore Leggiero RE","https://www.google.com/maps/place/Palazzo+degli+Angeli/@43.7704361,11.2523942,17z/data=!3m1!4b1!4m5!3m4!1s0x132a5401ae3fca55:0x604e220e72f0a565!8m2!3d43.7704361!4d11.2545829"
162,Leon's Place,4,4,,2018,,18000000.0,56,321429,321000,,,,Sale,Roma,RM,Roma,Lazio,41.907968,12.499583,high,Google place pin,Leon's Place Hotel,,,"https://www.google.com/maps/place/Leon's+Place+Hotel/@41.9079678,12.4973948,17z/data=!3m1!4b1!4m8!3m7!1s0x132f61a8f8380a7b:0xc267b30f07932fa1!5m2!4m1!1i2!8m2!3d41.9079678!4d12.4995835"
163,Meininger,3,3,Economy,2018,,25800000.0,118,218644,219000,,,,Sale,Roma,RM,Roma,Lazio,41.905459,12.504013,high,Google place pin,MEININGER Roma Termini,,,"https://www.google.com/maps/place/MEININGER+Roma+Termini/@41.9054585,12.5018245,17z/data=!3m1!4b1!4m8!3m7!1s0x132f61a08227ec07:0xddd0b351568b1a94!5m2!4m1!1i2!8m2!3d41.9054585!4d12.5040132"
164,Park Motel,4,4,,2018,,4700000.0,104,45192,45000,,,,Sale,Cassano d'Adda,MI,Milano,Lombardia,45.531389,9.508056,high,Google place pin,Park Hotel Motel Cassano d' Adda,,,"https://www.google.com/maps/place/Park+Hotel+Motel+Cassano+d'+Adda/@45.5313889,9.5058669,17z/data=!4m8!3m7!1s0x47813609de7ef385:0xdba015fcbdced28e!5m2!4m1!1i2!8m2!3d45.5313889!4d9.5080556"
165,CourMaison,3,3,,2018,,6800000.0,57,119298,119000,,,,Sale,Pré-Saint-Didier,AO,Valle d'Aosta/Vallée d'Aoste,Valle d'Aosta/Vallée d'Aoste,45.772505,6.98561,high,Google place pin,Residence Courmaison,,,"https://www.google.com/maps/place/Residence+Courmaison/@45.7725053,6.9834211,17z/data=!3m1!4b1!4m8!3m7!1s0x478938a993d980e1:0x94b6db86d7bafb43!5m2!4m1!1i2!8m2!3d45.7725053!4d6.9856098"
166,Palazzo Donà,5,5,,2018,,7100000.0,24,295833,296000,,,,Sale,Venezia,VE,Venezia,Veneto,45.440928,12.332035,high,Google place pin,Palazzo Donà (Santa Croce),,Da ristrutturare: in progetto hotel 5 stelle da ristrutturare,"https://www.google.com/maps/place/Palazzo+Don%C3%A0+(Santa+Croce)/@45.4409285,12.3298463,17z/data=!3m1!4b1!4m5!3m4!1s0x477eb1c34556d067:0x37369a63b4bad8a3!8m2!3d45.4409285!4d12.332035"
167,Via Delle Muratte,,,,2018,,50000000.0,67,746269,746000,,,,Sale,Roma,RM,Roma,Lazio,41.900584,12.482559,high,Google place pin,Boutique Hotel Trevi,,,"https://www.google.com/maps/place/Boutique+Hotel+Trevi/@41.9005838,12.4803699,17z/data=!3m1!4b1!4m8!3m7!1s0x132f6052de36953b:0x6c96b999d8617d31!5m2!4m1!1i2!8m2!3d41.9005838!4d12.4825586"
168,Grand Hotel Cervia,4,4,,2018,,3373000.0,56,60232,60000,,,,Auction,Cervia,RA,Ravenna,Emilia-Romagna,44.262128,12.35935,high,Google place pin,Grand Hotel Cervia,,,"https://www.google.com/maps/place/Grand+Hotel+Cervia/@44.2682085,12.3387437,14z/data=!4m8!1m2!2m1!1sGrand+Hotel+Cervia!3m4!1s0x132cb41c4263ddf7:0xad600c15c24de271!8m2!3d44.262128!4d12.35935"
169,Leonardo Royal Hotel,4,4,,2019,,41418182.78430151,243,170445,170000,1950000.0,8000.0,0.04708077150934533,Sale,Venezia,VE,Venezia,Veneto,45.481613,12.236858,high,Google place pin,Leonardo Royal Hotel Venice Mestre,Atto,"Ad oggi accatastato come Foglio 139, mappale 1932 sub 12","https://www.google.it/maps/place/Leonardo+Royal+Hotel+Venice+Mestre/@45.4813311,12.2374015,185m/data=!3m1!1e3!4m8!3m7!1s0x477eb42260dd7c89:0x45fb1fce81bf706b!5m2!4m1!1i2!8m2!3d45.4816131!4d12.2368578"
170,Staycity Aparthoitels,,,Upscale,2019,,29827909.412562817,175,170445,170000,1250000.0,7000.0,0.04190706035447222,Sale,Venezia,VE,Venezia,Veneto,45.481088,12.23857,high,Google place pin,"Staycity Aparthotels - Venice, Mestre",Atto,"Ad oggi accatastato come Foglio 139, mappale 1932 sub 17","https://www.google.it/maps/place/Staycity+Aparthotels+-+Venice,+Mestre/@45.4813311,12.2374015,185m/data=!3m1!1e3!4m8!3m7!1s0x477eb5f2c87fad05:0xa3ce53fa2c9895f4!5m2!4m1!1i2!8m2!3d45.4810879!4d12.23857"
171,Wombat's City Hostel,,,Economy,2019,,6363287.341346735,112,56815,57000,1239999.99996,11000.0,0.19486783064200972,Sale,Venezia,VE,Venezia,Veneto,45.481143,12.237953,medium,Google place pin (multiple pins in URL),"Via Ca' Marcello, 30100 Venezia VE",Atto,"Ad oggi accatastato come Foglio 139, mappale 1932 sub 16","https://www.google.it/maps/place/45%C2%B028'52.1%22N+12%C2%B014'16.6%22E/@45.4811439,12.2374045,218m/data=!3m2!1e3!4b1!4m14!1m7!3m6!1s0x477eb4193e801555:0x4a863fd908a61e14!2sVia+Ca'+Marcello,+30100+Venezia+VE!3b1!8m2!3d45.4802485!4d12.2437351!3m5!1s0x0:0x0!7e2!8m2!3d45.4811428!4d12.2379534"
172,7 Days Premium Hotel Venice Mestre,,,Economy,2019,,35452600.90178895,208,170445,170000,1110720.0,5000.0,0.03132971832100343,Sale,Venezia,VE,Venezia,Veneto,45.481423,12.23789,high,Google place pin,7 Days Premium Hotel Venice Mestre,Atto,"Ad oggi accatastato come Foglio 139, mappale 1932 sub 15","https://www.google.it/maps/place/7+Days+Premium+Hotel+Venice+Mestre/@45.4813311,12.2374015,185m/data=!3m1!1e3!4m8!3m7!1s0x477eb422617cd0b9:0x43304795fbc1ae3b!5m2!4m1!1i2!8m2!3d45.4814231!4d12.2378901"
173,Baglioni Hotel Luna,5,5,Luxury,2021,,100000000.0,93,1075269,1075000,,,,Sale,Venezia,VE,Venezia,Veneto,45.433064,12.337238,high,Google place pin,Baglioni Hotel Luna,,-,"https://www.google.it/maps/place/Baglioni+Hotel+Luna/@45.4330635,12.3350496,350m/data=!3m2!1e3!4b1!4m8!3m7!1s0x477eb1d718ea4815:0x46ba3625f02c0fcd!5m2!4m1!1i2!8m2!3d45.4330635!4d12.3372383"
174,Hotel Le Palme,4,4,,2020,,24000000.0,92,260870,261000,,,,Sale,Arzachena,SS,Sassari,Sardegna,41.138227,9.508019,high,Google place pin,Hotel le Palme,News,"Da riconvertire a 5 stelle passando a 68 camere, gestione Delano. Si ipotizzano 40M capex","https://www.google.it/maps/place/Hotel+le+Palme/@41.1382283,9.5071003,353m/data=!3m2!1e3!4b1!4m8!3m7!1s0x12d940d099270e95:0x5ca6b38d0dccd3d6!5m2!4m1!1i2!8m2!3d41.1382266!4d9.5080186"
175,Hotel Le Ginestre,4,4,,2020,,32000000.0,80,400000,400000,,,,Sale,Arzachena,SS,Sassari,Sardegna,41.118889,9.535278,high,Google place pin,Hotel Le Ginestre,News,"Da riconvertire a 5 stelle passando a 60 camere, gestione Rosewood. Si ipotizzano 40M capex.  On date 11/05/2021 Accor told us that the deal has not been executed.","https://www.google.it/maps/place/Hotel+Le+Ginestre/@41.1188929,9.5330891,842m/data=!3m3!1e3!4b1!5s0x12d94751ca1e8adf:0x4026858b77fef5c0!4m8!3m7!1s0x12d9475162b8fa3d:0xaf8f31ef3c59130b!5m2!4m1!1i2!8m2!3d41.1188889!4d9.5352778"
176,Hotel Meininger,3,3,Economy,2020,Q1,9190000.0,80,114875,115000,471645.0,6000.0,0.051321545157780195,Sale,Milano,MI,Milano,Lombardia,45.490558,9.171304,high,Google place pin,MEININGER Milano Garibaldi,Atto,-,"https://www.google.it/maps/place/MEININGER+Milano+Garibaldi/@45.4905618,9.1691149,17z/data=!3m1!4b1!4m8!3m7!1s0x4786c12303f8864b:0x93b3623268323c72!5m2!4m1!1i2!8m2!3d45.4905581!4d9.1713036"
177,The Pantheon Iconic Rome - Autograph Collection,5,5,Upper Upscale,2020,Q4,62000000.0,79,784810,785000,,,,Sale,Roma,RM,Roma,Lazio,41.89804,12.476006,high,Google place pin,"The Pantheon Iconic Rome Hotel, Autograph Collection",,,"https://www.google.com/maps/place/The+Pantheon+Iconic+Rome+Hotel,+Autograph+Collection/@41.8980404,12.4760059,15z/data=!4m8!3m7!1s0x0:0x11ccb755f1407987!5m2!4m1!1i2!8m2!3d41.8980404!4d12.4760059"
178,Ambasciatori Palace Hotel,5,5,Upper Upscale,2019,Q4,76300000.0,152,501974,502000,,,,Sale,Roma,RM,Roma,Lazio,41.906329,12.48963,high,Google place pin,Ambassadors Hotel Palace di Roma,,"Castello SGR, Bought for renovation, including  ground floor cafè","https://www.google.com/maps/place/Ambassadors+Hotel+Palace+di+Roma/@41.9063295,12.4896297,15z/data=!4m8!3m7!1s0x0:0xbdbcb379bd2cf0f5!5m2!4m1!1i2!8m2!3d41.9063295!4d12.4896297"
179,Be Mate,5,5,Luxury,2020,,21500000.0,14,1535714,1536000,,,0.035,Sale,Milano,MI,Milano,Lombardia,45.472132,9.183614,medium,map viewport centre,Be Mate Via Tivoli,,12 appartamenti/suite con servizio alberghiero,"https://www.google.com/maps/place/Be+Mate+Via+Tivoli/@45.4721321,9.1836137,15z/data=!4m2!3m1!1s0x0:0xafec15da21005880?sa=X&ved=2ahUKEwjrmq6N1NruAhVQasAKHfihCEQQ_BIwDHoECBkQBQ"
180,Allegroitalia Espresso Darsena,4,4,Midscale,2020,,13200000.0,105,125714,126000,,,,Sale,Milano,MI,Milano,Lombardia,45.456732,9.177213,high,Google place pin,Espressohotel Milano Darsena,,,"https://www.google.com/maps/place/Espressohotel+Milano+Darsena/@45.4567357,9.175019,17z/data=!3m1!4b1!4m8!3m7!1s0x4786c3fe5a594fcf:0x4f955bb9c1d96098!5m2!4m1!1i2!8m2!3d45.456732!4d9.177213"
181,Ih Lorenteggio,4,4,Midscale,2020,,10050000.0,128,78516,79000,,,,Sale,Milano,MI,Milano,Lombardia,45.444263,9.116122,high,Google place pin,iH Hotels Milano Lorenteggio,,L'acquirente (in leasing) è il conduttore.,"https://www.google.com/maps/place/iH+Hotels+Milano+Lorenteggio/@45.4442664,9.1139277,17z/data=!3m1!4b1!4m8!3m7!1s0x4786c24779fe5a49:0x7394f86b67447624!5m2!4m1!1i2!8m2!3d45.4442627!4d9.1161217"
182,Hotel Rome Pisana,4,4,Midscale,2020,Q1,5300000.0,229,23144,23000,,,,Sale,Roma,RM,Roma,Lazio,41.868716,12.411507,high,Google place pin,"Via della Pisana, 374, 00163 Roma RM",Rogito,-,"https://www.google.com/maps/place/Via+della+Pisana,+374,+00163+Roma+RM/@41.8689569,12.4106333,366m/data=!3m1!1e3!4m5!3m4!1s0x1325f5665006a755:0x1dd4bc2ec0fd3804!8m2!3d41.8687163!4d12.4115071"
183,Ex Holiday Inn Assago,4,4,Midscale,2020,,2382882.0,203,11738,12000,,,,Portfolio,Assago,MI,Milano,Lombardia,45.400992,9.120807,high,Google place pin,Holiday Inn Milano Assago,Atto,Rogito,"https://www.google.it/maps/place/Holiday+Inn+Milano+Assago/@45.4009953,9.1186178,981m/data=!3m2!1e3!4b1!4m5!3m4!1s0x4786c326c3052205:0xd66615308948f745!8m2!3d45.4009916!4d9.1208065"
184,Ex Holiday Inn Linate Airport,4,4,Midscale,2020,,4070757.0,142,28667,29000,,,,Portfolio,Peschiera Borromeo,MI,Milano,Lombardia,45.450576,9.290467,high,Google place pin,"Via Bruno Buozzi, 2, 20068 Peschiera Borromeo MI",Atto,Rogito,"https://www.google.it/maps/place/Via+Bruno+Buozzi,+2,+20068+Peschiera+Borromeo+MI/@45.4505425,9.2910593,113m/data=!3m1!1e3!4m13!1m7!3m6!1s0x4786c8b4bb347f2b:0x936b729a93728759!2sVia+Bruno+Buozzi,+2,+20068+Peschiera+Borromeo+MI!3b1!8m2!3d45.4505765!4d9.2904671!3m4!1s0x4786c8b4bb347f2b:0x936b729a93728759!8m2!3d45.4505765!4d9.2904671"
185,Ex Holiday Inn Rome Aurelia,4,4,Midscale,2020,,1290728.0,245,5268,5000,,,,Portfolio,Roma,RM,Roma,Lazio,41.887529,12.400269,high,Google place pin,Holiday Inn Rome,Atto,Rogito,"https://www.google.com/maps/place/Holiday+Inn+Rome/@41.8874932,12.4019697,17z/data=!4m5!3m4!1s0x0:0x468bb389ee49ca57!8m2!3d41.8875291!4d12.4002692"
186,Ex Holiday Inn Venice - Mestre Marghera,4,4,Midscale,2020,,6056492.0,188,32215,32000,,,,Portfolio,Venezia,VE,Venezia,Veneto,45.474353,12.214876,high,Google place pin,Holiday Inn Venice - Mestre Marghera,Atto,Rogito,"https://www.google.com/maps/place/Holiday+Inn+Venice+-+Mestre+Marghera/@45.4743535,12.2148758,15z/data=!4m5!3m4!1s0x0:0x3e77220e14d9b15!8m2!3d45.4743535!4d12.2148758"
187,Ih Hotels Milano Blu Visconti,3,3,Economy,2020,,3880000.0,64,60625,61000,,,,Sale,Trezzano sul Naviglio,MI,Milano,Lombardia,45.43229,9.06631,high,Google place pin,Hotel Blu Visconti,,AdE,"https://www.google.com/maps/place/Hotel+Blu+Visconti/@45.4324791,9.0651997,18.75z/data=!3m1!5s0x4786e9cd075c9a81:0xcd99b6ff42c26358!4m8!3m7!1s0x4786e9cda83955f3:0x3abc4241c0305de2!5m2!4m1!1i2!8m2!3d45.4322895!4d9.0663097"
188,Una Maison Milano,4,4,Upscale,2020,Q2,16000000.0,27,592593,593000,,,,Sale,Milano,MI,Milano,Lombardia,45.463329,9.188424,high,Google place pin,Maison Milano | UNA Esperienze,Atto,Rogito,"https://www.google.com/maps/place/Maison+Milano+%7C+UNA+Esperienze/@45.4633289,9.1862355,17z/data=!3m1!4b1!4m8!3m7!1s0x4786c6ac0ff192b1:0xb1f7c5c5388d5653!5m2!4m1!1i2!8m2!3d45.4633289!4d9.1884242"
189,Hotel Dolomiti,3,3,,2020,Q2,8450000.0,30,281667,281667,,,,Sale,Roma,RM,Roma,Lazio,41.90541,12.504575,high,Google place pin,Hotel Dolomiti,,,"https://www.google.com/maps/place/Hotel+Dolomiti/@41.9056109,12.5044277,3a,75y,167.98h,113.49t/data=!3m7!1e1!3m4!1sIN3xqyRFC9Bt-jmDRymLgA!2e0!7i16384!8i8192!5s0x132f61a079bc8309:0xdc2eb74208d20f87!4m8!3m7!1s0x132f61a0791fc29b:0xd4cecdcd6f85102f!5m2!4m1!1i2!8m2!3d41.9054096!4d12.5045746"
190,Lu' Hotel Maladroxia,4,4,,2019,,2991548.0,36,83099,83099,,,,Sale,Sant'Antioco,SU,Sud Sardegna,Sardegna,39.000383,8.447693,medium,map viewport centre,,AdE,-,"https://www.google.com/maps/@39.0003831,8.447693,0a,34.1y,181.53h,84.77t/data=!3m4!1e1!3m2!1s-T3e7QSPGoNYvja0vOu4gw!2e0?source=apiv3"
191,Donnafugata Resort,5,5,,2020,Q2,19427732.0,194,100143,100143,,,,Auction,Ragusa,RG,Ragusa,Sicilia,36.868264,14.49772,high,Google place pin,,Asta,Info da AdE + articoli,"https://www.google.it/maps/place/36%C2%B052'05.8%22N+14%C2%B029'51.8%22E/@36.868264,14.495526,567m/data=!3m2!1e3!4b1!4m9!1m2!2m1!1sdonnafugata+golf+resort!3m5!1s0x0:0x0!7e2!8m2!3d36.8682642!4d14.49772"
192,Hotel Royal Maniace,4,4,,2019,Q2,2500000.0,21,119048,119048,,,,Sale,Siracusa,SR,Siracusa,Sicilia,37.057371,15.294823,high,Google place pin (multiple pins in URL),Hotel Royal Maniace,AdE,Info AdE,"https://www.google.it/maps/place/Hotel+Royal+Maniace/@37.057317,15.2947279,175a,35y,347.97h/data=!3m2!1e3!5s0x1313cc197aa376f7:0xbe0b9bbd47656aa0!4m18!1m7!3m6!1s0x1313cc190d3779ab:0x522e0937067a8073!2sVia+Capodieci,+96100+Siracusa+SR!3b1!8m2!3d37.0575625!4d15.2941446!3m9!1s0x1313cc197a81d6ab:0x9278ce591705c62f!5m4!1s2021-08-17!2i3!4m1!1i2!8m2!3d37.0573714!4d15.2948229"
193,Baglioni Hotel Regina (porzione),5,5,Luxury,2019,Q4,10920000.0,21,520000,520000,,,,Sale,Roma,RM,Roma,Lazio,41.907078,12.489879,high,Google place pin,Baglioni Hotel Regina,Atto,Porzione di immobile,"https://www.google.com/maps/place/Baglioni+Hotel+Regina/@41.9070777,12.4898787,15z/data=!4m10!3m9!1s0x0:0xe660298e875f6df9!5m4!1s2021-08-17!2i3!4m1!1i2!8m2!3d41.9070777!4d12.4898787"
194,Hotel Belsole,3,3,,2019,,1450000.0,27,53704,53704,,,,Sale,Forio,NA,Napoli,Campania,40.728374,13.862939,high,Google place pin,Hotel Belsole Ischia,,,"https://www.google.com/maps/place/Hotel+Belsole+Ischia/@40.7283825,13.8607487,17z/data=!3m1!4b1!4m9!3m8!1s0x133b41ddbfab1a33:0xa32bc309211b663d!5m3!1s2021-06-25!4m1!1i2!8m2!3d40.7283741!4d13.8629387"
195,Hotel La Coccinella,3,3,,2020,Q4,1900000.0,64,29688,29688,,,,Sale,Rimini,RN,Rimini,Emilia-Romagna,44.069811,12.577236,high,Google place pin,Hotel La Coccinella,AdE,Info ADE,"https://www.google.it/maps/place/Hotel+La+Coccinella/@44.0698931,12.5749016,17z/data=!3m1!4b1!4m10!3m9!1s0x132cc3778fc081eb:0x62c07ed776786360!5m4!1s2021-08-17!2i3!4m1!1i2!8m2!3d44.0698114!4d12.5772365"
196,Bonvecchiati,4,4,,2021,Q2,100000000.0,191,523560,523560,,,,Sale,,,,,,,nan,nan,,Monitorimmobiliare,Info Monitor Immobiliare,
197,Hotel Gran Bretagna,3,3,,2019,Q4,3636364.0,76,47847,47847,,,,Sale,Riccione,RN,Rimini,Emilia-Romagna,43.995443,12.669448,high,Google place pin,Club Family Hotel Best Family Riccione,AdE,,"https://www.google.it/maps/place/Club+Family+Hotel+Best+Family+Riccione/@43.9955184,12.6673531,17z/data=!3m1!4b1!4m10!3m9!1s0x132cdd806e9c350f:0x43b5b1c323b8abb4!5m4!1s2021-08-17!2i3!4m1!1i2!8m2!3d43.9954431!4d12.6694482"
198,Hotel Casablanca,3,3,,2019,Q2,1400000.0,24,58333,58333,,,,Sale,Riccione,RN,Rimini,Emilia-Romagna,43.998604,12.661932,high,Google place pin (multiple pins in URL),"Viale C. Battisti, 28, 47838 Riccione RN",AdE,To be refurbished,"https://www.google.it/maps/place/Viale+C.+Battisti,+28,+47838+Riccione+RN/@43.9986039,12.6613838,127m/data=!3m2!1e3!4b1!4m13!1m7!3m6!1s0x0:0x0!2zNDPCsDU5JzU1LjIiTiAxMsKwMzknNDMuMiJF!3b1!8m2!3d43.998652!4d12.662!3m4!1s0x132cdd7e9b4fbc39:0x7ec3c396e4ce7fc1!8m2!3d43.9986039!4d12.6619323"
199,Hotel di San Pietro,1,1,,2019,Q2,1610000.0,19,84737,84737,,,,Sale,Riccione,RN,Rimini,Emilia-Romagna,44.003445,12.654936,medium,map viewport centre,,AdE,To be converted into resi,"https://www.google.it/maps/@44.0034455,12.6549364,3a,75y,110.12h,93.76t/data=!3m7!1e1!3m5!1sLpp35J--9jvHE44209bU3g!2e0!5s20201201T000000!7i16384!8i8192"
200,Hotel Milano,4,4,,2020,Q1,2900000.0,40,72500,72500,,,,Sale,Rimini,RN,Rimini,Emilia-Romagna,44.066531,12.582533,medium,Google place pin (multiple pins in URL),"Viale Amerigo Vespucci, 36, 47921 Rimini RN",Ade,Info AdE,"https://www.google.it/maps/place/Viale+Amerigo+Vespucci,+36,+47921+Rimini+RN/@44.0664654,12.5822507,179a,35y,86.04h/data=!3m1!1e3!4m13!1m7!3m6!1s0x132cdd7ee8d47849:0x51378408f0dc860f!2sViale+Nazario+Sauro,+47838+Riccione+RN!3b1!8m2!3d43.9983711!4d12.6636613!3m4!1s0x132cc3713f4d941b:0x862f24a20b4f2871!8m2!3d44.0665311!4d12.5825332"
201,B&B Hotel Quattro Canti,4,4,,2019,Q4,11418700.0,143,79851,79851,715486.0,5003.398601398601,0.0626591468380814,Sale,Palermo,PA,Palermo,Sicilia,38.115921,13.361861,high,Google place pin,B&B Hotels - Hotel Palermo Quattro Canti,Rogito,Rogito,"https://www.google.com/maps/place/B%26B+Hotels+-+Hotel+Palermo+Quattro+Canti/@38.1159256,13.3596723,17z/data=!3m1!4b1!4m10!3m9!1s0x1319e58b1f65c5c7:0x68b4222a22e0d107!5m4!1s2021-08-17!2i3!4m1!1i2!8m2!3d38.115921!4d13.3618613"
202,L'ambasciata Hotel de Charme,3,3,,2020,Q4,1400000.0,8,175000,175000,,,,Sale,Cagliari,CA,Cagliari,Sardegna,39.214958,9.113551,medium,map viewport centre,,,AdE,"https://www.google.com/maps/@39.2149576,9.1135512,3a,85.6y,259.89h,82.64t/data=!3m6!1e1!3m4!1sEWp7lw9BbWyHU3d1PI2i5w!2e0!7i13312!8i6656"
203,M89,4,4,Upscale,2021,Q2,7700000.0,55,140000,140000,,,,Sale,Milano,MI,Milano,Lombardia,45.452033,9.249639,high,Google place pin,"Via Mecenate, 89, 20138 Milano MI",https://www.torresgr.com/wp-content/uploads/2021/07/Comunicato-_OPI_accettazione-BO_Via-Mecenate.pdf,,"https://www.google.com/maps/place/Via+Mecenate,+89,+20138+Milano+MI/@45.4519446,9.2495374,20z/data=!4m5!3m4!1s0x4786c5e00a9e7ca5:0x14c2ddf17ae04ba5!8m2!3d45.452033!4d9.2496393"
204,La Palma,5,5,Luxury,2020,,35000000.0,72,486111,486111,,,,Sale,Capri,NA,Napoli,Campania,40.550413,14.243769,medium,map viewport centre,Hotel la Palma Capri,,"Reuben Brothers, verificare rogito","https://www.google.com/maps/place/Hotel+la+Palma+Capri/@40.5504127,14.2437689,15z/data=!4m2!3m1!1s0x0:0xbdd937426a13cc3c?sa=X&ved=2ahUKEwiJvvG4yN3xAhUL4OAKHW2-B8AQ_BIwE3oECEMQBQ"
205,Hilton Garden Inn Malpensa,4,4,Upscale,2021,Q3,9499000.0,207,45889,45889,850000.0,4000.0,0.08948310348457732,Sale,Somma Lombardo,VA,Varese,Lombardia,45.692415,8.702286,high,Google place pin,Hilton Garden Inn Milan Malpensa,Rogito,Rogito + contratto,"https://www.google.com/maps/place/Hilton+Garden+Inn+Milan+Malpensa/@45.6807477,8.6880204,14z/data=!4m22!1m12!2m11!1sHotels!3m6!1sHotels!2s21019+Somma+Lombardo,+VA!3s0x4786639cbd43ccd7:0x2a0685fb87b8d699!4m2!1d8.7068019!2d45.6827443!5m2!5m1!1s2021-07-27!3m8!1s0x4786637c0c9975a9:0x3d11b6cf8a5db362!5m3!1s2021-07-27!4m1!1i2!8m2!3d45.6924149!4d8.7022861"
206,Hotel Gerber,3,3,,2020,Q1,6150000.0,27,227778,227778,,,,Sale,Roma,RM,Roma,Lazio,41.910484,12.465929,medium,map viewport centre,,AdE,,"https://www.google.com/maps/@41.9104843,12.4659291,3a,73.7y,347.38h,103.82t/data=!3m6!1e1!3m4!1sv22fHnG64tXdAp9e9ny_yA!2e0!7i16384!8i8192"
207,Hotel Atheneum,4,4,,2019,Q1,12000000.0,60,200000,200000,,,,Sale,Firenze,FI,Firenze,Toscana,43.780728,11.26055,high,Google place pin,Hotel Athenaeum,AdE,,"https://www.google.com/maps/place/Hotel+Athenaeum/@43.780756,11.260478,3a,75y,88.5h,103.5t/data=!3m6!1e1!3m4!1syd13T0-Eqx2ypj3ZR4mIpg!2e0!7i16384!8i8192!4m5!3m4!1s0x132a541bd2034499:0x9c960d7223070dda!8m2!3d43.7807282!4d11.2605503"
208,Radisson Blu Florence,4,4,Upper Upscale,2020,Q1,20033000.0,329,60891,60891,,,,Sale,Firenze,FI,Firenze,Toscana,43.744115,11.283402,medium,map viewport centre,,internal file,"Ex conference Florentia hotel, acquirente Bain tramite fondo giglio di Savills, da ristrutturare totalmente","https://www.google.com/maps/@43.7441155,11.2834015,3a,47.6y,144.83h,93.52t/data=!3m6!1e1!3m4!1sHswN7jYWK_cVyjt50_VyZQ!2e0!7i16384!8i8192"
209,Hotel dei Cavalieri Caserta,4,4,,2019,Q1,3957900.0,85,46564,46564,,,,Sale,Caserta,CE,Caserta,Campania,41.075717,14.332188,medium,map viewport centre,,AdE,Atto ricognitivo di compravendita(?),"https://www.google.com/maps/@41.0757174,14.3321882,3a,90y,377.37h,108.46t/data=!3m6!1e1!3m4!1sLKXguCTR8qmD2R--0xWWdA!2e0!7i16384!8i8192"
210,Hotel Stabia,4,4,,2021,Q1,7120000.0,97,73402,73402,,,,Sale,Castellammare di Stabia,NA,Napoli,Campania,40.699945,14.482945,medium,map viewport centre,,AdE,,"https://www.google.com/maps/@40.6999445,14.4829454,3a,90y,271.89h,116.51t/data=!3m6!1e1!3m4!1sprNL53X2QlcdIRI75UEZZg!2e0!7i16384!8i8192"
211,La Villa degli Argentieri,3,3,,2019,Q3,3300000.0,11,300000,300000,,,,Sale,Monterosso al Mare,SP,La Spezia,Liguria,44.14509,9.645759,medium,map viewport centre,,AdE,,"https://www.google.com/maps/@44.1450898,9.6457594,3a,50.7y,22.08h,95.49t/data=!3m6!1e1!3m4!1s1ohY11pBoQg6nwYS8mD-0g!2e0!7i16384!8i8192"
212,IH Hotels Bologna Gate 7,4,4,Midscale,2019,Q1,6890835.0,95,72535,72535,,,,Sale,Calderara di Reno,BO,Bologna,Emilia-Romagna,44.554099,11.281838,medium,map viewport centre,,AdE,,"https://www.google.com/maps/@44.5540994,11.2818385,3a,73.7y,280.65h,96.44t/data=!3m6!1e1!3m4!1sSTBFfbQcQf_8kFmlKNHCJQ!2e0!7i13312!8i6656"
213,Hotel NH Ancona,4,4,Upscale,2020,Q1,4300000.0,89,48315,48315,,,,Sale,Ancona,AN,Ancona,Marche,43.615262,13.505687,medium,map viewport centre,,AdE,,"https://www.google.com/maps/@43.6152617,13.5056871,3a,75y,105.62h,102.46t/data=!3m6!1e1!3m4!1seV7EqkNm-L59BMfpK9NjMA!2e0!7i13312!8i6656"
214,B&B Hotel Ravenna,3,3,,2019,Q1,3325900.0,69,48201,48201,,,,Sale,Ravenna,RA,Ravenna,Emilia-Romagna,44.40097,12.181212,medium,map viewport centre,,AdE,Atto ricognitivo di compravendita(?),"https://www.google.com/maps/@44.4009703,12.1812118,3a,73.7y,148.6h,107.22t/data=!3m6!1e1!3m4!1sJ4KRAaLa_YnGeVmOPY4p4Q!2e0!7i13312!8i6656"
215,Hotel Cà Bonfadini - I Palazzi,5,5,,2019,Q2,7062000.0,18,392333,392333,,,,Sale,Venezia,VE,Venezia,Veneto,45.444536,12.323504,medium,map viewport centre,,AdE,potrebbe trattarsi di porzione ( 2 D/2 nel palazzo),"https://www.google.com/maps/@45.4445356,12.3235038,3a,90y,154.66h,111.12t/data=!3m6!1e1!3m4!1sUMBFzFAiEC7LUl8NqMp3TQ!2e0!7i13312!8i6656"
216,Hilton Garden Inn Padova City Centre,4,4,Upscale,2019,Q3,8000000.0,130,61538,61538,700000.0,5384.615384615385,0.0875,Sale,Padova,PD,Padova,Veneto,45.409799,11.8695,medium,map viewport centre,,AdE,"ex Hotel Plaza, current tenant AMAPA, MGR 700k/anno dal terzo anno, variable 21%","https://www.google.com/maps/@45.4097987,11.8695001,3a,75y,38.2h,103.41t/data=!3m7!1e1!3m5!1sAF1QipOvF3PXKZbNqVAvhxg27aLAx_-K6ulXi5oqC8MI!2e10!3e12!7i13312!8i6656"
217,Hotel Lisbona,3,3,,2020,Q4,3125000.0,15,208333,208333,,,,Sale,Venezia,VE,Venezia,Veneto,45.432751,12.335498,medium,map viewport centre,,AdE,,"https://www.google.com/maps/@45.4327506,12.3354975,3a,67.2y,76.87h,88.83t/data=!3m7!1e1!3m5!1sFtegIuohZEijY5p4BrsEjw!2e0!6shttps:%2F%2Fstreetviewpixels-pa.googleapis.com%2Fv1%2Fthumbnail%3Fpanoid%3DFtegIuohZEijY5p4BrsEjw%26cb_client%3Dmaps_sv.tactile.gps%26w%3D203%26h%3D100%26yaw%3D70.509834%26pitch%3D0%26thumbfov%3D100!7i13312!8i6656"
218,Hotel Petit Palais,3,3,,2019,Q1,4850000.0,50,97000,97000,,,,Sale,Valtournenche,AO,Valle d'Aosta/Vallée d'Aoste,Valle d'Aosta/Vallée d'Aoste,45.933719,7.633963,medium,map viewport centre,,AdE,,"https://www.google.com/maps/@45.9337191,7.6339626,3a,75y,154.91h,103.72t/data=!3m7!1e1!3m5!1sLey8nSFV20Wnumfsz9Ftww!2e0!6shttps:%2F%2Fstreetviewpixels-pa.googleapis.com%2Fv1%2Fthumbnail%3Fpanoid%3DLey8nSFV20Wnumfsz9Ftww%26cb_client%3Dmaps_sv.tactile.gps%26w%3D203%26h%3D100%26yaw%3D96.79075%26pitch%3D0%26thumbfov%3D100!7i13312!8i6656"
219,Villa Igiea,5,5,Luxury,2019,Q4,23700000.0,132,179545,180000,,,,Sale,Palermo,PA,Palermo,Sicilia,38.130269,13.3512,medium,map viewport centre,,AdE,CDP,"https://www.google.com/maps/@38.1302694,13.3511998,3a,90y,70.13h,102.85t/data=!3m6!1e1!3m4!1sKjJfWtImzfXcgPaSrkTJMw!2e0!7i16384!8i8192"
220,B&B Hotel Roma Pietralata Tiburtina,3,3,,2021,Q2,4000000.0,72,55556,56000,,,,Sale,Roma,RM,Roma,Lazio,41.914636,12.554352,high,Google place pin,B&B Hotel Roma Pietralata Tiburtina,AdE,,"https://www.google.com/maps/place/B%26B+Hotel+Roma+Pietralata+Tiburtina/@41.9147265,12.5544108,3a,75y,206.7h,95.7t/data=!3m6!1e1!3m4!1s8InDkFYMN1Hw1MbYO00oLA!2e0!7i16384!8i8192!4m9!3m8!1s0x132f6320a3322517:0x1a45ff281cbd120!5m3!1s2021-08-26!4m1!1i2!8m2!3d41.9146357!4d12.5543519"
221,Hotel Executive,4,4,,2021,Q2,5230000.0,56,93393,93000,,,,Sale,Roma,RM,Roma,Lazio,41.911657,12.497279,medium,map viewport centre,,AdE,,"https://www.google.com/maps/@41.9116571,12.4972793,3a,45.7y,124.79h,96.25t/data=!3m6!1e1!3m4!1sHpI0MZgNRbnsQU6_Zekx9g!2e0!7i16384!8i8192"
222,Hotel Continental,3,3,,2019,Q2,2000000.0,35,57143,57000,,,,Sale,Pietra Ligure,SV,Savona,Liguria,44.151491,8.289116,medium,map viewport centre,,AdE,,"https://www.google.com/maps/@44.151491,8.2891164,3a,73.7y,90t/data=!3m6!1e1!3m4!1sySvKHj0JSDsWQUqJxwgVxQ!2e0!7i16384!8i8192"
223,Hotel Nautilus,3,3,,2021,Q2,1394800.0,60,23247,23000,,,,Sale,Cattolica,RN,Rimini,Emilia-Romagna,43.968786,12.72804,high,Google place pin,Hotel Nautilus - Cattolica,AdE,,"https://www.google.com/maps/place/Hotel+Nautilus+-+Cattolica/@43.9686619,12.7279629,17z/data=!3m1!4b1!4m8!3m7!1s0x132ce0c778881c2f:0x5fb77198f3719ea0!5m2!4m1!1i2!8m2!3d43.9687855!4d12.72804?hl=en"
224,Hotel Aloha,2,2,,2020,Q2,1180000.0,27,43704,43704,,,,Sale,Cesenatico,FC,Forlì-Cesena,Emilia-Romagna,44.193895,12.410594,high,Google place pin,Aloha Hotel Cesenatico,AdE,,"https://www.google.com/maps/place/Aloha+Hotel+Cesenatico/@44.1938946,12.4084004,17z/data=!3m2!4b1!5s0x132cb7be665650a9:0xc861b9f09b0fcc86!4m9!3m8!1s0x132cb7be67a18027:0x757ffe9752b40181!5m3!1s2021-09-29!4m1!1i2!8m2!3d44.1938946!4d12.4105944"
225,Club Family Hotel Executive,4,4,,2021,Q2,4500000.0,137,32847,32847,450000.0,3284.6715328467153,0.1,Sale,Cesenatico,FC,Forlì-Cesena,Emilia-Romagna,44.192096,12.408162,high,Google place pin,Club Family Hotel Executive,Rogito,,"https://www.google.com/maps/place/Club+Family+Hotel+Executive/@44.1920519,12.4058546,17z/data=!3m1!4b1!4m9!3m8!1s0x132cb7961a1a62f1:0x3107aad4472d0efc!5m3!1s2021-09-29!4m1!1i2!8m2!3d44.1920962!4d12.4081621"
226,Riva Blu,3,3,,2020,Q1,1150000.0,24,47917,47917,,,,Sale,Cesenatico,FC,Forlì-Cesena,Emilia-Romagna,44.204443,12.40099,high,formaps pin,,AdE,,"https://www.formaps.it/?mappa.coordinate=44.20444303305541,12.400989532470703"
227,Hotel Rex,3,3,,2019,Q4,450000.0,45,10000,10000,,,,Sale,,,,,,,nan,nan,,AdE,,
228,Hotel Orologio,4,4,,2019,Q3,1500000.0,46,32609,32609,,,,Sale,,,,,,,nan,nan,,AdE,,
229,Il Bagattino,3,3,,2019,Q3,940000.0,6,156667,156667,,,,Sale,,,,,,,nan,nan,,AdE,,
230,Panoramic Hotel,4,4,,2021,Q2,1720545.0,23,74806,75000,,,,Sale,Taormina,ME,Messina,Sicilia,37.853592,15.299819,high,Google place pin,Panoramic Hotel Taormina,Visura,ha acquistato Quattroppì srl,"https://www.google.com/maps/place/Panoramic+Hotel+Taormina/@37.8532866,15.2997013,19.5z/data=!4m8!3m7!1s0x0:0xe18bdcdfdac2a005!5m2!4m1!1i2!8m2!3d37.8535923!4d15.2998194"
231,Radisson Collection Grand Hotel Savoia and Radisson Residences Savoia Palace,5,5,Upper Upscale,2021,Q4,70000000.0,177,395480,395480,,,,Sale,Cortina d'Ampezzo,BL,Belluno,Veneto,46.535225,12.140864,high,Google place pin,"Grand Hotel Savoia Cortina d’Ampezzo, A Radisson Collection Hotel",HVS Hotel Transaction Bullettin,Quinta Capital Sgr from Bain Capital,"https://www.google.com/maps/place/Grand+Hotel+Savoia+Cortina+d%E2%80%99Ampezzo,+A+Radisson+Collection+Hotel/@46.5352239,12.1407337,15z/data=!4m9!3m8!1s0x0:0x3513794cdf5a39ec!5m3!1s2021-10-26!4m1!1i2!8m2!3d46.5352252!4d12.1408635"
232,Hotel Cruiser,4,4,,2021,Q4,6750000.0,117,57692,57692,,,,Auction,Pesaro,PU,Pesaro e Urbino,Marche,43.916198,12.914238,high,Google place pin,Uappala Hotel Cruiser,Thrends Bullettin,"Buyer Markus Srl riconducibile a Nardo Filippetti che è proprietario, sempre a Pesaro, anche dell’hotel Excelsior e del Nautilus.","https://www.google.com/maps/place/Uappala+Hotel+Cruiser/@43.9161891,12.9142324,15z/data=!4m18!1m9!3m8!1s0x0:0x786eb17460c1998a!2sUappala+Hotel+Cruiser!5m2!4m1!1i2!8m2!3d43.9161977!4d12.9142384!3m7!1s0x0:0x786eb17460c1998a!5m2!4m1!1i2!8m2!3d43.9161977!4d12.9142384"
233,Londra & Cargill Hotel,4,4,Upscale,2021,Q4,33200000.0,101,328713,328713,,,,Sale,Roma,RM,Roma,Lazio,41.908526,12.497186,high,Google place pin,"Piazza Sallustio, 18, 00187 Roma RM",Europe Re Bullettin,"The transaction has been structured as a share sale of the company which owns the freehold hotel and its operations, from certain members of the De Romanis family, for a purchase price of €34.5m, subject to working capital and other customary price adjustments, which resulted in €33.2m payable by the group on completion. Buyer PPHE.","https://www.google.com/maps/place/Piazza+Sallustio,+18,+00187+Roma+RM/@41.9085264,12.4949978,17z/data=!3m1!4b1!4m5!3m4!1s0x132f61085c078585:0xbcc3be1f28bea079!8m2!3d41.9085264!4d12.4971865"
234,Hotel Delizia,4,4,,2021,Q2,2021663.0,35,57762,57762,,,,Sale,Cervia,RA,Ravenna,Emilia-Romagna,44.285473,12.3503,medium,map viewport centre,,ADE,,"https://www.google.it/maps/@44.2854727,12.3502999,3a,75y,356.46h,98.85t/data=!3m6!1e1!3m4!1svlw7fXf5mTgGlHdQrTOzUQ!2e0!7i13312!8i6656"
235,Lefay Resort & SPA Lago di Garda,5,5,Luxury,2021,Q4,59000000.0,93,634409,634409,,,,Sale,Gargnano,BS,Brescia,Lombardia,45.686899,10.645559,high,Google place pin,Lefay Resort & SPA Lago di Garda,Thrends Bullettin,Sale and lease back,"https://www.google.com/maps/place/Lefay+Resort+%26+SPA+Lago+di+Garda/@45.6863181,10.6447827,17.67z/data=!4m8!3m7!1s0x0:0x1f2bc28085adb9!5m2!4m1!1i2!8m2!3d45.6868988!4d10.6455586"
236,Hotel Villa Capri,4,4,,2021,Q4,10000000.0,45,222222,222222,,,,Sale,Gardone Riviera,BS,Brescia,Lombardia,45.622887,10.57118,high,Google place pin,Villa Capri,Thrends Bullettin,,"https://www.google.com/maps/place/Villa+Capri/@45.6228866,10.5711803,15z/data=!4m9!3m8!1s0x0:0x31f33e0f568ab025!5m3!1s2022-05-18!4m1!1i2!8m2!3d45.6228866!4d10.5711803"
237,Hotel Le Palme,4,4,,2021,Q4,24000000.0,92,260870,260870,,,,Sale,Arzachena,SS,Sassari,Sardegna,41.138217,9.508055,high,Google place pin,Hotel le Palme,"Rogito, Thrends bullettin","Sixth street, da trasformare in 5 stelle come da progetto precedente","https://www.google.it/maps/place/Hotel+le+Palme/@41.1382265,9.5069669,262m/data=!3m2!1e3!4b1!4m9!3m8!1s0x12d940d099270e95:0x5ca6b38d0dccd3d6!5m3!1s2022-05-18!4m1!1i2!8m2!3d41.1382171!4d9.508055"
238,Hotel Residence Solaria,4,4,,2022,Q1,3840000.0,116,33103,33103,,,,Auction,Mezzana,TN,Trento,Trentino-Alto Adige/Südtirol,46.304943,10.810484,high,Google place pin,Hotel Solaria,Thrends Bullettin,"Saffi Re - Mondotondo srl, gruppo S.A.F.F.I. (Società per Azioni Fiduciaria Finanziaria Italiana)","https://www.google.com/maps/place/Hotel+Solaria/@46.3049431,10.8104844,15z/data=!4m9!3m8!1s0x0:0xd614c1a4140fa63c!5m3!1s2022-05-18!4m1!1i2!8m2!3d46.3049431!4d10.8104844"
239,Hotel la Tana dell'Orso,3,3,,2020,Q4,3430000.0,14,245000,245000,,,,Sale,Ponte di Legno,BS,Brescia,Lombardia,46.248476,10.531699,high,formaps pin,,AdE,http://www.latanadellorsopontedilegno.it/,"https://www.formaps.it/?mappa.coordinate=46.24847620311628,10.53169906139374"
240,Hotel Commodore,3,3,,2022,Q1,3750000.0,220,17045,17045,,,,Auction,Montegrotto Terme,PD,Padova,Veneto,45.324706,11.783321,high,Google place pin,Hotel Commodore,Thrends Bullettin,Aggiudicato al fondo israeliano Jerusalem Gardens Mordoch,"https://www.google.com/maps/place/Hotel+Commodore/@45.3249462,11.7834008,15z/data=!4m8!3m7!1s0x0:0xfbe335e61873ba03!5m2!4m1!1i2!8m2!3d45.3247059!4d11.7833211"
241,Hotel San Marco,,n.a.,,2021,Q2,5000000.0,50,100000,100000,,,,Auction,,,,,,,nan,nan,"Piazza Roma, 6, 32043 Cortina d'Ampezzo BL",Thrends Bullettin,"buyer Famiglia Gualandi, chiuso da numerosi anni.","https://www.google.com/maps/place/Piazza+Roma,+6,+32043+Cortina+d'Ampezzo+BL/data=!4m2!3m1!1s0x4778343095c049e7:0xf5542071bae948e6?sa=X&ved=2ahUKEwjP0LfSv4b2AhUUHewKHdehDLYQ8gF6BAgCEAE"
242,Hotel Cristallo (Marriott Luxury Collection),5,5,,2021,Q2,65000000.0,74,878378,100000,,,,Sale,Cortina d'Ampezzo,BL,Belluno,Veneto,46.532937,12.145772,high,Google place pin,"Cristallo, Luxury Collection Resort & Spa, Cortina d'Ampezzo",Thrends Bullettin - Castello (Valore) aprox,Attestor Capital da Fam. Gualandi,"https://www.google.com/maps/place/Cristallo,+Luxury+Collection+Resort+%26+Spa,+Cortina+d'Ampezzo/@46.5329219,12.1435785,17z/data=!3m1!4b1!4m8!3m7!1s0x4778344966abdbfb:0xd483f38b4c783dc1!5m2!4m1!1i2!8m2!3d46.5329373!4d12.145772"
243,Hotel Europa,4,4,,,,5900000.0,45,131111,131000,,,,Sale,Cortina d'Ampezzo,BL,Belluno,Veneto,46.541446,12.135194,high,Google place pin,Hotel Europa,Thrends Bullettin,"Buyer Ricerca11 (Edizione Property, Benetton)","https://www.google.com/maps/place/Hotel+Europa/@46.5414456,12.1351938,15z/data=!4m8!3m7!1s0x0:0x28e5baf5357c4aa6!5m2!4m1!1i2!8m2!3d46.5414456!4d12.1351938"
244,Hotel Italia,,n.a.,,,,4300000.0,35,122857,123000,,,,Sale,Cortina d'Ampezzo,BL,Belluno,Veneto,46.539622,12.136793,high,Google place pin,"Via Guglielmo Marconi, 2, 32043 Cortina d'Ampezzo BL",Thrends Bullettin,Chiuso da circa 20 anni,"https://www.google.com/maps/place/Via+Guglielmo+Marconi,+2,+32043+Cortina+d'Ampezzo+BL/@46.5396215,12.1346045,17z/data=!3m1!4b1!4m5!3m4!1s0x4778343a13a3955b:0xa09d18f3c093f295!8m2!3d46.5396215!4d12.1367932"
245,Hotel Ancora,4,4,,2020,Q2,20000000.0,49,408163,408000,,,,Sale,Cortina d'Ampezzo,BL,Belluno,Veneto,46.537156,12.137985,high,Google place pin,Ancora,Thrends Bullettin,Renzo Rosso (Red Circle),"https://www.google.com/maps/place/Ancora/@46.5371556,12.1379851,15z/data=!4m8!3m7!1s0x0:0xce799f9d9399f851!5m2!4m1!1i2!8m2!3d46.5371556!4d12.1379851"
246,Rosapetra SPA & Resort,5,5,Luxury,2021,Q3,21000000.0,29,724138,724000,,,,Sale,Cortina d'Ampezzo,BL,Belluno,Veneto,46.516364,12.143072,high,Google place pin,Rosapetra SPA Resort,Thrends Bullettin,Antonio Onorato compratore,"https://www.google.com/maps/place/Rosapetra+SPA+Resort/@46.516333,12.140834,17z/data=!3m1!4b1!4m8!3m7!1s0x477835bb13a7caf7:0x3694de921c470fd7!5m2!4m1!1i2!8m2!3d46.5163644!4d12.143072"
247,Hotel Mosaico,4,4,,2022,Q1,1250000.0,32,39062,39062,,,,Auction,Cesena,FC,Forlì-Cesena,Emilia-Romagna,44.145958,12.218438,high,Google place pin,Mosaico Suite,Thrends Bullettin,,"https://www.google.com/maps/place/Mosaico+Suite/@44.1459575,12.2184381,15z/data=!4m5!3m4!1s0x0:0xf4814ac361247bbb!8m2!3d44.1459575!4d12.2184381"
248,NH Milano Concordia,4,4,,2019,Q3,19000000.0,155,122581,122581,1360000.0,8774.193548387097,0.07157894736842105,Sale,,,,,,,nan,nan,,V. Cartella,Rogito,
249,NH Collection Citylife,4,4,Upper Upscale,2019,Q2,54100000.0,185,292432,292432,3246000.0,,0.06,Sale,,,,,,,nan,nan,,,,
250,Hotel la Calcina,3,3,,2021,Q2,6659300.0,25,266372,266372,,,,Sale,Venezia,VE,Venezia,Veneto,45.428979,12.328555,high,formaps pin,,AdE,,"https://www.formaps.it/?mappa.coordinate=45.42897886949745,12.328555287911403"
251,Palazzina Grassi,5,5,Luxury,2022,Q1,4500000.0,26,173077,173077,,,,Sale,Venezia,VE,Venezia,Veneto,45.433958,12.328181,high,Google place pin,Palazzina Grassi,Bulletin,,"https://www.google.com/maps/place/Palazzina+Grassi/@45.4340107,12.328183,15z/data=!4m8!3m7!1s0x0:0x10cc99f1bf77a538!5m2!4m1!1i2!8m2!3d45.4339581!4d12.3281808"
252,Ex Radisson Blu Hotel,5,5,,2021,Q2,47000000.0,232,202586,202586,,,,Sale,Roma,RM,Roma,Lazio,41.896423,12.506268,high,formaps pin,,AdE,"Buyer Fondo Shire 2 (Blantyre), distressed","https://www.formaps.it/?mappa.coordinate=41.896423222975066,12.506267941776402"
253,IH Hotels Roma Z3,4,4,,2021,Q4,16000000.0,260,61538,61538,,,,Sale,Roma,RM,Roma,Lazio,41.901069,12.57021,high,formaps pin,,Thrends Bullettin,,"https://www.formaps.it/?mappa.coordinate=41.9010693323346,12.570209700832354"
254,Hotel 1200 - Hotel le Baite 1800,3,3,,2022,Q2,1798000.0,282,6376,6376,,,,Auction,Artogne,BS,Brescia,Lombardia,45.837107,10.238638,high,Google place pin,Residence Le Baite,Thrends Bullettin,140 rooms (hotel 1200) and 142 apartments (hotel le baite 1800),"https://www.google.com/maps/place/Residence+Le+Baite/@45.8367038,10.236925,17.54z/data=!4m16!1m10!4m9!1m4!2m2!1d9.1962209!2d45.4669624!4e1!1m3!2m2!1d10.2392068!2d45.8380256!3m4!1s0x4783d1d0e11e7847:0x75be8abc33da2d1!8m2!3d45.8371069!4d10.2386379"
255,Hotel Imperial,4,4,,2022,Q2,980000.0,115,8522,8522,,,,Auction,Montegrotto Terme,PD,Padova,Veneto,45.324365,11.782167,high,Google place pin,Hotel Imperial,Thrends Bullettin,"A rilevare l’asset l’imprenditore Giorgio Bonelli: per la ristrutturazione Bonelli dovrà spendere 10 volte tanto, attorno ai 10 milioni di euro. Il progetto vuole far rinascere il ‘cowboy dei fumetti’ inventato dal padre: l’hotel Imperial diventerà l’hotel di Tex Willer e affiancherà un parco tematico, il Tex Willer World","https://www.google.com/maps/place/Hotel+Imperial/@45.324408,11.7821486,3a,75y,343.75h,92.57t/data=!3m7!1e1!3m5!1sn8cS6R2i2pNnN9ZBb_vYcA!2e0!6shttps:%2F%2Fstreetviewpixels-pa.googleapis.com%2Fv1%2Fthumbnail%3Fpanoid%3Dn8cS6R2i2pNnN9ZBb_vYcA%26cb_client%3Dsearch.gws-prod.gps%26w%3D86%26h%3D86%26yaw%3D99.584175%26pitch%3D0%26thumbfov%3D100!7i13312!8i6656!4m13!1m2!2m1!1shotel+imperial+montegrotto+terme!3m9!1s0x477edf79bcbcd2c7:0xb3fcf9d51dfb30d7!5m2!4m1!1i2!8m2!3d45.3243647!4d11.782167!15sCiBob3RlbCBpbXBlcmlhbCBtb250ZWdyb3R0byB0ZXJtZZIBBWhvdGVs!16s%2Fg%2F11t0jwqkzt"
256,Ex SHG Hotel Verona,4,4,,2022,Q2,7400000.0,112,66071,66071,,,,Sale,Verona,VR,Verona,Veneto,45.430063,11.056702,high,Google place pin,"Via Unità d'Italia, 346, 37132 Verona VR",Thrends Bullettin,"Next Re SIIQ S.p.A (Nova Re) ha recentemente sottoscritto, con AHC International Consulting AG, società austriaca operativa nel settore alberghiero con il marchio “Amedia Hotel”, un contratto preliminare per la vendita","https://www.google.com/maps/place/Via+Unit%C3%A0+d'Italia,+346,+37132+Verona+VR/@45.4300083,11.0565397,20.25z/data=!4m5!3m4!1s0x477f5ebb4c817a67:0x78d985fe9e7bbd2b!8m2!3d45.4300634!4d11.0567022"
257,Fontebussi Tuscan Resort,3,3,,2022,Q2,3700000.0,64,57812,57812,,,,Sale,Cavriglia,AR,Arezzo,Toscana,43.503681,11.501155,high,Google place pin,Fontebussi Tuscan Resort,Thrends Bullettin,"È stato rilevato da Chapter Hotels Italia il complesso del Fontebussi Tuscan Resort. di Cavriglia (AR), in Toscana. La struttura alberghiera, di categoria 3 stelle, è composta da nove fabbricati e terreni collocati su una superficie complessiva di 76 ettari. La superficie coperta copre, invece, un totale di 9.200 mq (di cui 6.750 già agibili e destinati all’attuale uso). Il complesso ricettivo era composto, al momento dell’acquisto, da 64 chiavi, due piscine, ristorante (ca. 100 coperti), bar (ca. 80 coperti), sala per eventi, parcheggio.","https://www.google.com/maps/place/Fontebussi+Tuscan+Resort/@43.5036769,11.5011527,15z/data=!4m8!3m7!1s0x0:0x473f262ed340c06a!5m2!4m1!1i2!8m2!3d43.503681!4d11.5011552"
258,FerroHotel,4,4,,2022,Q2,715000.0,21,34048,34048,,,,Auction,Modica,RG,Ragusa,Sicilia,36.852519,14.752521,high,Google place pin,FerroHotel,Thrends Bullettin,,"https://www.google.com/maps/place/FerroHotel/@36.852465,14.752445,15z/data=!4m8!3m7!1s0x0:0x754987551256709d!5m2!4m1!1i2!8m2!3d36.8525185!4d14.7525209"
259,Approdo di Venere,3,3,,2019,Q4,976600.0,13,75123,75123,,,,Sale,Vieste,FG,Foggia,Puglia,41.887095,16.181054,high,formaps pin,,AdE,Due transazioni consecutive avalori moto simili,"https://www.formaps.it/?mappa.coordinate=41.88709515882955,16.181053519248966"
260,Hotel Lloyd,4,4,,2021,Q2,13300000.0,56,237500,237500,,,,Sale,Milano,MI,Milano,Lombardia,45.458078,9.192306,high,formaps pin,,AdE,,"https://www.formaps.it/?mappa.coordinate=45.45807808489687,9.192305803298952"
261,Hotel Dolomiti,3,3,,2020,Q3,,75,,,,,,Auction,Cortina d'Ampezzo,BL,Belluno,Veneto,46.530777,12.140525,medium,map viewport centre,,Thrends Bullettin,Banor Special Situations,"https://www.google.com/maps/@46.5307774,12.1405253,3a,73.7y,260.05h,97.74t/data=!3m6!1e1!3m4!1sQqRvpn6enH4kKreeBY95cA!2e0!7i13312!8i6656"
262,Hotel Simplon,2,2,,2021,Q1,1245000.0,18,69167,69000,,,,Sale,,,,,,,nan,nan,,AdE,,https://www.google.com/travel/hotels/Hotel%20Simplon%20Stresa%2C%20Corso%20Italia%2C%2046/entity/CgsIwaPtjL7osNr7ARAB?q=hotel%20simplon%20stresa&g2lb=2502548%2C2503771%2C2503781%2C4258168%2C4270442%2C4284970%2C4291517%2C4306835%2C4515404%2C4597339%2C4649665%2C4722900%2C4723331%2C4738544%2C4741665%2C4754388%2C4757164%2C4758493%2C4762561%2C4777463%2C4786153%2C4786958%2C4787395%2C4794648%2C4799644%2C4799687&hl=en-IT&gl=it&ssta=1&ts=CAESABogCgIaABIaEhQKBwjmDxAGGBQSBwjmDxAGGBUYATICEAAqCQoFOgNFVVIaAA&rp=EMGj7Yy-6LDa-wEQ2bXT-vT7i95ZOAJAAEgCogEmSG90ZWwgU2ltcGxvbiBTdHJlc2EsIENvcnNvIEl0YWxpYSwgNDbAAQM&ap=aAE&ictx=1&ved=0CAAQ5JsGahcKEwjQvICmhbz4AhUAAAAAHQAAAAAQAw&utm_campaign=sharing&utm_medium=link&utm_source=htls
263,Hotel Britannia Excelsior,3,3,,2021,Q4,32700000.0,285,114737,115000,,,,Sale,Griante,CO,Como,Lombardia,45.992198,9.237986,high,Google place pin,Hotel Britannia Excelsior Lake Como,internal file,"Hotel Britannia, acquisito da Kryalos (tramite Fondo ""Novum"").  Da atto di compravendita si evince che l'hotel era locato. Non abbiamo evidenza del contratto di locazione, non essendo registrato su SISTER.  Oggi (da Google Street View) l'hotel è in fase di ristrutturazione.  The Bulletin parlava di un'acquisizione da parte di Bain Capital per 50 mln €, nello stesso periodo. Da visura e ispezione fatta in ottobre 2024, recepiamo dato certo di acquisizione e prezzo.","https://www.google.com/maps/place/Hotel+Britannia+Excelsior+Lake+Como/@45.9923293,9.2377921,15z/data=!4m8!3m7!1s0x0:0x49edb4e1706df7fc!5m2!4m1!1i2!8m2!3d45.9921983!4d9.2379864"
264,Hotel Majestic,5,5,Luxury,2022,Q2,100000000.0,98,1020408,1020000,,,,Sale,Roma,RM,Roma,Lazio,41.905558,12.487875,medium,map viewport centre,Hotel Majestic,"Thrends Bullettin, approx","il Boscalt Hospitality Fund, fondo di investimento alternativo creato da Edmond de Rothschild e la società di private equity immobiliare Boscalt, ha finalizzato l’acquisizione dell'Hotel Majestic, storico 5 stelle capitolino, localizzato in Via Veneto. L'investimento totale tra acquisizione dell’asset e interventi capex dovrebbe collocarsi, secondo indiscrezioni, intorno EUR 100 mln. L'hotel, fino al 2014 di proprietà di Mediocredito Italiano SpA, poi passato ad un privato (Alberghi Riuniti Via Veneto Srl) era stato messo sul mercato lo scorso inverno con il supporto di Cushman & Wakefield. L’albergo attualmente dispone di 98 camere, ristoranti, due bar, un centro benessere e una terrazza orientata su via Veneto. L’asset sarà completamente rinnovato e rilanciato come un 5* di posizionamento lifestyle ed un inventario di 83 camere più spaziose","https://www.google.com/maps/place/Hotel+Majestic/@41.9055575,12.487875,15z/data=!4m2!3m1!1s0x0:0x9d92b204c5cb631b?sa=X&ved=2ahUKEwiRmLXszMX4AhVM0oUKHWA_Ab8Q_BJ6BAhREAU"
265,Four Poinits by Sheraton,4,4,Upscale,2021,Q4,48000000.0,239,200837,201000,,,,Sale,Milano,MI,Milano,Lombardia,45.484853,9.198377,high,Google place pin,Four Points by Sheraton Milan Center,Rogito,,"https://www.google.com/maps/place/Four+Points+by+Sheraton+Milan+Center/@45.4847592,9.1985263,18z/data=!4m18!1m9!3m8!1s0x0:0xeee4d6ca75b1c355!2sFour+Points+by+Sheraton+Milan+Center!5m2!4m1!1i2!8m2!3d45.4848532!4d9.198377!3m7!1s0x0:0xeee4d6ca75b1c355!5m2!4m1!1i2!8m2!3d45.4848532!4d9.198377"
266,Hotel Villa Rona,3,3,,2021,Q4,2000000.0,18,111111,111000,,,,Sale,Forte dei Marmi,LU,Lucca,Toscana,43.968467,10.157319,high,formaps pin,,AdE,,"https://www.formaps.it/?mappa.coordinate=43.96846693114395,10.157319009304047"
267,Hotel Belvedere,3,3,,2022,Q1,11500000.0,39,294872,295000,,,,Sale,Forte dei Marmi,LU,Lucca,Toscana,43.958348,10.168862,high,Google place pin,Hotel Belvedere,AdE,"Da qui è passato il gotha dell’imprenditoria e della cultura ma non solo: da Henry Moore (che ogni anno prenotava la solita stanza fronte spiaggia) fino agli Invernizzi, ai Motta, ai Negroni, ai Riello e allo stilista Paul Smith. In tempi recenti ecco invece il calciatore Mario Balotelli e la famiglia di Adriano Galliani. L’albergo è stato poi scelto da Vincenzo Salemme per le riprese del film «A ruota libera»","https://www.google.com/maps/place/Hotel+Belvedere/@43.9583476,10.1684748,19z/data=!4m8!3m7!1s0x12d509f6483ff6c9:0x9906b0584349535f!5m2!4m1!1i2!8m2!3d43.9583477!4d10.1688617"
268,Grand Hotel de la Minerve,5,5,Luxury,2022,Q1,130000000.0,132,984848,985000,,,,Sale,Roma,RM,Roma,Lazio,41.897686,12.477605,high,Google place pin,Grand Hotel de La Minerve,Fonte Castello (valore) approx,New Orient Express (Accor+Arsenale),"https://www.google.com/maps/place/Grand+Hotel+de+La+Minerve/@41.8976864,12.477605,15z/data=!4m8!3m7!1s0x0:0xa5ac1e89a4d4837e!5m2!4m1!1i2!8m2!3d41.8976864!4d12.477605"
269,Hotel Bellevue Suite and Spa,4,4,,2022,Q1,49000000.0,66,742424,742000,,,,Sale,Roma,RM,Roma,Lazio,41.897686,12.477605,medium,map viewport centre,Grand Hotel de La Minerve,Invel RE,"PRODEA Investments and Invel Real Estate announce the acquisition of the Hotel Bellevue Cortina d’Ampezzo in Italy for a major redevelopment opportunity ahead of the 2026 Winter Olympic Games.  The 6-storey building, currently partly hotel and partly private residences located in the centre of the ski resort of Cortina d’Ampezzo, is being acquired by Prodea (75%) and Invel Real Estate (25%), through its discretionary fund “Eudora Fund LP”, for a total purchase price of c. €49m. Prodea and Invel intend to undertake a c. €25m deep refurbishment project, delivering a five-star luxury hotel, with up to 100 rooms, prior to the Games opening. The food and beverage offer will also be upgraded to internationally branded restaurants, establishing the hotel as an F&B destination in Cortina.","https://www.google.com/maps/place/Grand+Hotel+de+La+Minerve/@41.8976864,12.477605,15z/data=!4m2!3m1!1s0x0:0xa5ac1e89a4d4837e?sa=X&ved=2ahUKEwjh2u6qyen4AhXjhM4BHTAiDqMQ_BJ6BAhuEAU"
270,Anglo American Hotel,4,4,Upscale,2021,Q2,25200000.0,115,219130,219130,,,,Sale,Firenze,FI,Firenze,Toscana,43.775184,11.240847,high,Google place pin,NH Italia S.p.a.,AdE,Castello da Immobiliare Uno,"https://www.google.com/maps/place/NH+Italia+S.p.a./@43.7752037,11.2406,19.9z/data=!4m8!3m7!1s0x0:0xef29a39bcdd3bb1b!5m2!4m1!1i2!8m2!3d43.7751836!4d11.2408471"
271,Hotel Milano Alpen Resort Meeting & SPA,4,4,,2022,Q3,1300000.0,40,32500,32500,,,,Auction,Castione della Presolana,BG,Bergamo,Lombardia,45.919166,10.057632,high,Google place pin (multiple pins in URL),Hotel Milano Alpen Resort Meeting & SPA,Bulletin,,"https://www.google.com/maps/place/Hotel+Milano+Alpen+Resort+Meeting+%26+SPA/@45.9190967,10.0577743,20z/data=!4m16!1m7!3m6!1s0x4783dcd2cb308fe1:0xe72a9c9c5bf62b5f!2sVia+Silvio+Pellico,+3,+24020+Castione+della+Presolana+BG!3b1!8m2!3d45.9191439!4d10.0574245!3m7!1s0x4783c32d4aee278b:0x67b072d3d91367a3!5m2!4m1!1i2!8m2!3d45.9191661!4d10.0576319"
272,Hotel Miramare,3,3,,2022,Q3,,46,,,,,,Sale,Rosignano Marittimo,LI,Livorno,Toscana,43.40333,10.410766,high,Google place pin,Hotel Miramare,Bulletin,,"https://www.google.com/maps/place/Hotel+Miramare/@43.4033418,10.4097776,18.25z/data=!4m8!3m7!1s0x12d59b1ccabe2a89:0x87486c4621471209!5m2!4m1!1i2!8m2!3d43.4033304!4d10.4107662"
273,Almar Jesolo Resort & SPA,4,4,,2022,Q3,35662500.0,197,181028,181028,1176862.5,,0.033,Sale,Jesolo,VE,Venezia,Veneto,45.508736,12.65507,high,Google place pin,Almar Stephen Abragan Jesolo Resort & Spa,Rogito,"La società di gestione immobiliare francese PERIAL ha acquistato l' Almar Jesolo Resort Spa di Jesolo, da Castello SGR (Fondo Star), per conto del suo fondo SCPI PF Hospitalité Europe","https://www.google.com/maps/place/Almar+Stephen+Abragan+Jesolo+Resort+%26+Spa/@45.5087362,12.6550704,15z/data=!4m8!3m7!1s0x0:0x5e47ff85aa1482d0!5m2!4m1!1i2!8m2!3d45.5087362!4d12.6550704"
274,Palazzo De Angelis (Roma Trevi),5,5,Luxury,2022,Q3,81000000.0,67,1208955,1208955,,,,Sale,Roma,RM,Roma,Lazio,41.900185,12.482576,medium,map viewport centre,,Bulletin,Il prezzo di 100 mln (approx) comprende due spazi commerciali al piano terreno di 490 mq (valore c.a. 19 mln). Seller Leggiero. Share deal distressed. Hotel da completare.,"https://www.google.it/maps/@41.9001849,12.4825757,3a,72y,309.79h,114.47t/data=!3m6!1e1!3m4!1sVd93hDvxtwomuUyLbYgu6g!2e0!7i16384!8i8192"
275,Hotel Excelsior Venice Lido Resort,5,5,Luxury,2022,Q3,104000000.0,196,530612,530612,,,,Sale,Venezia,VE,Venezia,Veneto,45.404121,12.366854,high,Google place pin,Hotel Excelsior Venice Lido Resort,https://forbes.it/2022/08/01/excelsior-va-agli-inglesi-coima-cede-celebre-hotel-veneziano/,"Seller Coima (fondo Lido di Venezia II), buyer London & Regional Hotels","https://www.google.com/maps/place/Hotel+Excelsior+Venice+Lido+Resort/@45.4041214,12.3668537,15z/data=!4m8!3m7!1s0x0:0x3d6f3beab796ee4f!5m2!4m1!1i2!8m2!3d45.4041214!4d12.3668537"
276,Safestay Pisa,,,Hostel,2019,Q2,25200000.0,115,219130,219130,,,,Sale,Pisa,PI,Pisa,Toscana,43.706943,10.40453,high,Google place pin,Safestay Pisa Hostel,AdE,,"https://www.google.com/maps/place/Safestay+Pisa+Hostel/@43.7069425,10.4023555,17z/data=!3m1!4b1!4m8!3m7!1s0x12d5918552fc6a49:0x14bea4b09ef79442!5m2!4m1!1i2!8m2!3d43.7069431!4d10.4045298"
277,W Rome,5,5,Luxury,2022,Q3,172000000.0,162,1061728,1061728,,,,Sale,Roma,RM,Roma,Lazio,41.906604,12.489246,medium,map viewport centre,W Rome,Bulletin,"A gestire l’exit di Omnam Group dall’investimento, a poco dopo di 1 anno dall’apertura, sarebbe stata Eastdil Secured, buyer CPPIP and Hamilton","https://www.google.com/maps/place/W+Rome/@41.9066035,12.4892458,15z/data=!4m2!3m1!1s0x0:0xaf95c8251fff05ef?sa=X&ved=2ahUKEwjdjMqumO75AhVllFwKHcf5CeAQ_BJ6BAh4EAU"
278,Hotel Cicerone,4,4,,2022,Q3,90000000.0,303,297030,297030,,,,Sale,Roma,RM,Roma,Lazio,41.907638,12.468641,high,Google place pin,iH Hotels Roma Cicerone,Bulletin,"Rumor,  seller Banco BPM","https://www.google.com/maps/place/iH+Hotels+Roma+Cicerone/@41.9076377,12.4664524,17z/data=!3m1!4b1!4m8!3m7!1s0x132f6058e42ea891:0xba35e10b271b0865!5m2!4m1!1i2!8m2!3d41.9076377!4d12.4686411"
279,Cit Hotels Dea Palermo (Ex Motel Agip),4,4,,2022,Q4,400000.0,95,4211,4211,,,,Auction,Palermo,PA,Palermo,Sicilia,38.12729,13.329186,high,Google place pin,"Viale della Regione Siciliana Nord Ovest, 2620, 90145 Palermo PA",Giornale di Sicilia,Buyer Algebris,"https://www.google.com/maps/place/Viale+della+Regione+Siciliana+Nord+Ovest,+2620,+90145+Palermo+PA/@38.12729,13.329186,17z/data=!3m1!4b1!4m5!3m4!1s0x1319ef3be6f9e45b:0x34fe1d58836ee2f8!8m2!3d38.12729!4d13.329186"
280,Park Hotel,4,4,,2022,Q3,3422000.0,104,32904,32904,,,,Sale,Cassano d'Adda,MI,Milano,Lombardia,45.531135,9.508341,high,Google place pin,Park Motel Cassano,internal file,"Hotel Seeker ha assistito CR1 RE S.r.l., Reoco, asservita ad un veicolo di cartolarizzazione, nella vendita del Park Hotel Cassano d’Adda Milano. L’albergo a categoria quattro stelle, che offre 104 camere, lobby bar, ristorante, quattro sale meeting e parcheggio, è stato acquisito da un investitore internazionale, e sarà oggetto di una importante riqualificazione e riposizionamento. È prevedibile anche un’attività di rebranding con marchio internazionale.  La vendita, intrapresa nel corso del 2021, ha visto l’interesse di differenti investitori e operatori alberghieri, con il completamento della vendita occorsa nel corso del mese di luglio 2022.  Hotel Seeker ha agito insieme alla società BCMGlobal che, in qualità di Special Servicer e Asset Manager della Reoco, ha gestito l’intero processo di reposess dell’asset nell’ambito di una procedura fallimentare e – successivamente – commercializzato il bene sul mercato.  Buyer Swiss Park SPA","https://www.google.com/maps/place/Park+Motel+Cassano/@45.5311346,9.5083408,15z/data=!4m8!3m7!1s0x0:0xdba015fcbdced28e!5m2!4m1!1i2!8m2!3d45.5311346!4d9.5083408"
281,Hotel Moderno,3,3,,2022,Q4,1290000.0,24,53750,53750,,,,Auction,Lovere,BG,Bergamo,Lombardia,45.81702,10.074924,medium,map viewport centre,Albergo Ristorante Moderno,Bullettin,"L’attività originaria dell’imprenditore che ha rilevato l’immobile ha sede a Treviglio e si occupa di materassi e arredi per alberghi, bar e ristoranti. Pan Songxun ha quindi rilevato l’asset all’asta con 1,29 milioni di euro, pari a ca. 53.750 euro a chiave.","https://www.google.com/maps/place/Albergo+Ristorante+Moderno/@45.8170195,10.0749239,15z/data=!4m2!3m1!1s0x0:0xe9a387d66ab66068?sa=X&ved=2ahUKEwiTnLmT5ub6AhX6gP0HHaN_DokQ_BJ6BAh3EAU"
282,B&B Milano Central Station,3,3,Midscale,2022,Q3,15400000.0,101,152475,152475,740969.0,7336.3267326732675,0.04811487012987013,Sale,,,,,,,nan,nan,,internal file,"Il team di Capital Markets di Cushman & Wakefield ha assistito BPER Leasing (BPER Banca) nella dismissione dell’hotel B&B Milano Central Station di Via Napo Torriani 9, ubicato in un’area centrale e strategica di #Milano nelle vicinanze della stazione centrale e a ridosso del Business District di Porta Nuova. L’immobile, recentemente ristrutturato, è un moderno #hotel midscale che si sviluppa su 10 piani fuori terra e 2 piani interrati, per una superfice lorda totale di 4.500 mq. La proprietà è composta da 101 camere caratterizzate da un #design moderno, allineato ai più recenti standard qualitativi del mercato di riferimento ed è attualmente gestito da una catena internazionale leader nel segmento, B&B Hotels.",https://g.page/bbhotel-milano-central-station?share
283,Hotel Becher,3,3,,2022,Q4,6005000.0,16,375312,375312,,,,Auction,Venezia,VE,Venezia,Veneto,45.43414,12.334587,medium,map viewport centre,,internal file,"Buyer 7V INVESTMENTS S.R.L., P.IVA 03857250793 rappresentata da Matteo Ambrosio, nato/a a Catanzaro (Catanzaro) il 18/09/1973, residente in Crotone, Strada Statale 106 KM 245","https://www.google.it/maps/@45.4341404,12.3345875,3a,44.3y,41.74h,93.91t/data=!3m6!1e1!3m4!1s1qwLxSDT2VDosYe-YPDByw!2e0!7i13312!8i6656"
284,Hotel Alexandra,3,3,,2022,Q4,19445000.0,57,341140,341140,,,,Sale,Roma,RM,Roma,Lazio,41.904742,12.487941,medium,map viewport centre,Hotel Alexandra,internal file,"CBRE, leader al mondo nella consulenza immobiliare, ha seguito in qualità di advisor esclusivo la vendita dell’Hotel Alexandra a Roma, situato nell’iconica Via Veneto. L’acquirente Molo Hotel Group ha già un piano di investimenti (CAPEX) necessari per il riposizionamento dell’asset.","https://www.google.com/maps/place/Hotel+Alexandra/@41.9047418,12.4879409,15z/data=!4m2!3m1!1s0x0:0x627a952e5760464d?sa=X&ved=2ahUKEwi-zLfy0LL7AhVfVKQEHaGDDb8Q_BJ6BAhwEAc"
285,Hotel Victor,3,3,,2019,Q1,4300000.0,74,58108,58108,,,,Sale,Bari,BA,Bari,Puglia,41.121325,16.866226,high,formaps pin,,internal file,Buyer Fondazione Puglia,"https://www.formaps.it/?mappa.coordinate=41.12132549290823,16.86622649431229"
286,Petraria Resort,4,4,,2022,Q2,2500000.0,128,19531,19531,,,,Sale,Bari,BA,Bari,Puglia,41.121325,16.866226,high,formaps pin,,internal file,"Buyer Gerardi Holidays, Distressed","https://www.formaps.it/?mappa.coordinate=41.12132549290823,16.86622649431229"
287,Patria Palace Hotel,5,5,,2018,Q4,4300000.0,66,65152,65152,,,,Sale,Lecce,LE,Lecce,Puglia,40.354447,18.172175,high,formaps pin,,internal file,"Seller De Gennaro, buyer De Gennaro","https://www.formaps.it/?mappa.coordinate=40.354446635560144,18.172175288200382"
288,Hotel Royal Garden,4,4,,2022,Q4,11600000.0,153,75817,75817,,,,Sale,Assago,MI,Milano,Lombardia,45.402592,9.14027,high,Google place pin,Royal Garden Hotel,Bullettin,"Seller Monrif, Propco+Opco","https://www.google.com/maps/place/Royal+Garden+Hotel/@45.4036086,9.150956,16z/data=!4m8!3m7!1s0x0:0xaf7f1320840628c!5m2!4m1!1i2!8m2!3d45.4025917!4d9.1402701"
289,Hotel La Torre,4,4,,2022,Q4,7600000.0,117,64957,64957,,,,Auction,Sauze d'Oulx,TO,Torino,Piemonte,45.028889,6.857778,medium,map viewport centre,Hotel la Torre Spa & Restaurant,https://www.torinotoday.it/social/torre-sauze-hotel.html,Buyer ABC Group,"https://www.google.com/maps/place/Hotel+la+Torre+Spa+%26+Restaurant/@45.0288889,6.8577778,15z/data=!4m2!3m1!1s0x0:0xfdc1d111620ad0c1?sa=X&ved=2ahUKEwj63qD8lNP7AhUQPuwKHdxgAmwQ_BJ6BAhnEAc"
290,L'H Hotel,4,4s,,2022,Q4,1800000.0,16,112500,112500,,,,Auction,Riccione,RN,Rimini,Emilia-Romagna,44.004578,12.655012,high,Google place pin,L'Hotel,Thrends Bullettin,,"https://www.google.com/maps/place/L'Hotel/@44.004541,12.6550881,15z/data=!4m8!3m7!1s0x0:0x9752fe83c1418f7!5m2!4m1!1i2!8m2!3d44.0045781!4d12.6550119"
291,Hotel Vienna,4,4,,2022,Q2,5800000.0,93,62366,62366,,,,Sale,Riccione,RN,Rimini,Emilia-Romagna,43.999319,12.66477,high,Google place pin (multiple pins in URL),"Viale Milano, 47838 Riccione RN",Thrends Bullettin,https://www.bizzipartners.com/it/projects/hotel-vienna/,"https://www.google.com/maps/place/Viale+Milano,+47838+Riccione+RN/@43.9990709,12.6644357,18.75z/data=!4m13!1m7!3m6!1s0x132cdd7f2649fd07:0x2ec7cf5669d53c72!2sViale+Antonio+Gramsci,+47838+Riccione+RN!3b1!8m2!3d43.999319!4d12.6647695!3m4!1s0x132cdd7f310e2e03:0xe746a77928a7d873!8m2!3d43.9993694!4d12.6656282"
292,L’Approdo Mediterraneo,3,3,,2022,Q1,650000.0,7,92857,92857,,,,Auction,Pantelleria,TP,Trapani,Sicilia,36.798648,12.048228,medium,map viewport centre,L'Approdo Mediterraneo,https://www.tp24.it/2022/02/08/economia/pantelleria-venduto-all-asta-l-hotel-di-cala-levante/173831,Buyer Family office,"https://www.google.com/maps/place/L'Approdo+Mediterraneo/@36.7986481,12.0482284,15z/data=!4m2!3m1!1s0x0:0x47b7cd82a6081a54?sa=X&ved=2ahUKEwjqtMDG1PP7AhUHyRoKHXZmDdoQ_BJ6BAhGEAg"
293,Hotel Duo.Mo,4,4,,2022,Q4,2200000.0,43,51163,51163,,,,Auction,Rimini,RN,Rimini,Emilia-Romagna,44.061015,12.567915,medium,map viewport centre,DuoMo Hotel,Thrends Bullettin,Buyer Leonardo Patacconi,"https://www.google.com/maps/place/DuoMo+Hotel/@44.0610148,12.5679153,15z/data=!4m2!3m1!1s0x0:0x383dc691b8bb6d47?sa=X&ved=2ahUKEwj69Nmr1PP7AhXG8IUKHXjlAQAQ_BJ6BAhuEAc"
294,Hotel Giulio Cesare,3,3,Midscale,2022,Q1,6100000.0,24,254167,254167,,,,Sale,Milano,MI,Milano,Lombardia,45.46747,9.184385,high,Google place pin (multiple pins in URL),Giulio Cesare,,Probabile trasformazione residenziale,"https://www.google.it/maps/place/Giulio+Cesare/@45.4673587,9.1843707,3a,75y,352.82h,94.23t/data=!3m7!1e1!3m5!1suAoJUlS1FS6EI98eY_7bGQ!2e0!6shttps:%2F%2Fstreetviewpixels-pa.googleapis.com%2Fv1%2Fthumbnail%3Fpanoid%3DuAoJUlS1FS6EI98eY_7bGQ%26cb_client%3Dsearch.gws-prod.gps%26w%3D86%26h%3D86%26yaw%3D36.843246%26pitch%3D0%26thumbfov%3D100!7i16384!8i8192!4m13!1m7!3m6!1s0x0:0xd9ae84f1c0d92a2a!2zNDXCsDI4JzAyLjkiTiA5wrAxMScwMy44IkU!3b1!8m2!3d45.4674704!4d9.1843852!3m4!1s0x4786c152b27be803:0x574ce532b389c58e!8m2!3d45.4675092!4d9.1845149"
295,Hotel Midas,4,4,Upscale,2022,Q4,20000000.0,342,58480,58000,,,,Sale,Roma,RM,Roma,Lazio,41.888281,12.402553,high,Google place pin,Hotel Midas Roma,internal file,Cessione quote ad 1 euro più accollo finanziamento per 20M residui,"https://www.google.com/maps/place/Hotel+Midas+Roma/@41.8882848,12.4003644,17z/data=!3m1!4b1!4m9!3m8!1s0x132f5f9aba5f8347:0xb1c5444f103218ef!5m3!1s2020-05-22!4m1!1i2!8m2!3d41.8882808!4d12.4025531"
296,Hotel Clodio,4,4,,2022,Q3,16150000.0,110,146818,147000,,,,Sale,Roma,RM,Roma,Lazio,41.919851,12.456794,high,Google place pin,Hotel Clodio,,"Comprato per rinnovo completo (10,3 MLN Capex) e cambio brand (AC Hotels)","https://www.google.com/maps/place/Hotel+Clodio/@41.9198507,12.4567937,15z/data=!4m9!3m8!1s0x132f608d93394419:0x2e419a167e82dc34!5m2!4m1!1i2!8m2!3d41.9198507!4d12.4567937!16s%2Fg%2F1vvmm5j1"
297,B&B Hotel Ravenna,3,3,Midscale,2022,Q4,,69,,,,,,Sale,Ravenna,RA,Ravenna,Emilia-Romagna,44.400813,12.181333,high,Google place pin,"B&B Hotel Ravenna, Viale della Lirica, 141, 48124 Ravenna RA",,Compravendita tra fondo Star (venditore) e fondo Portego (acquirente) entrambi di Castello. Scrittura privata autenticata.,"https://www.google.com/maps/place/44%C2%B024'02.9%22N+12%C2%B010'52.8%22E/@44.400813,12.1804128,18z/data=!3m1!4b1!4m14!1m9!4m8!1m0!1m6!1m2!1s0x477dfeb58e100fe1:0xccacefdeef078840!2sB%26B+Hotel+Ravenna,+Viale+della+Lirica,+141,+48124+Ravenna+RA!2m2!1d12.1813206!2d44.4009051!3m3!8m2!3d44.400813!4d12.181333?hl=en-GB"
298,B&B Hotel Faenza,3,3,Midscale,2022,Q4,,69,,,,,,Sale,Faenza,RA,Ravenna,Emilia-Romagna,44.321526,11.902272,high,Google place pin,"Via S. Silvestro, 171, 48018 Faenza RA",,Compravendita tra fondo Star (venditore) e fondo Portego (acquirente) entrambi di Castello. Scrittura privata autenticata.,"https://www.google.com/maps/place/Via+S.+Silvestro,+171,+48018+Faenza+RA/@44.3215966,11.9004458,18.54z/data=!4m16!1m9!4m8!1m0!1m6!1m2!1s0x132b5212d08312d3:0xef8f3ca714ada73f!2sB%26B+Hotel+Faenza,+Via+S.+Silvestro,+171,+48018+Faenza+RA!2m2!1d11.9023561!2d44.3213996!3m5!1s0x132b526d34c51477:0x3389558ce50ac27a!8m2!3d44.3215256!4d11.9022723!16s%2Fg%2F11bw4v92rm?hl=en-GB"
299,A&O Hotel And Hostel,,,Hostel,2023,Q1,26700000.0,284,94014,94000,,,,Sale,Venezia,VE,Venezia,Veneto,45.481615,12.238443,high,Google place pin,AO Hotel Venice Mestre 2,internal file,"Buyer Restudent SRl, Nuovo CampusX Venezia Mestre","https://www.google.com/maps/place/AO+Hotel+Venice+Mestre+2/@45.4816268,12.2384488,17.92z/data=!4m6!3m5!1s0x477eb54644d91cfd:0x23845887d680af54!8m2!3d45.4816149!4d12.2384429!16s%2Fg%2F11c55chj1r"
300,Hotel Mondial,4,4,,2023,Q1,18000000.0,84,214286,214000,,,,Auction,Roma,RM,Roma,Lazio,41.901464,12.495732,high,Google place pin,Hotel Mondial,Bulletin,3900 sqm,"https://www.google.com/maps/place/Hotel+Mondial/@41.901464,12.495732,15z/data=!4m9!3m8!1s0x132f61a5fea0d06f:0xb5b1cabc40fcd3df!5m2!4m1!1i2!8m2!3d41.901464!4d12.495732!16s%2Fg%2F1thlkb2s"
301,Principe di Lazise Wellness & Spa,4,4,,2023,Q1,25000000.0,127,196850,197000,,,,Sale,Lazise,VR,Verona,Veneto,45.480492,10.733619,high,Google place pin,Principe di Lazise,HVS Hotel Transaction Bullettin,"Israel’s largest hotel firm Fattal Hotel Group has acquired the four-star 127-room Principe di Lazise Wellness & Spa hotel on Lake Garda in the medieval village of Lazise in northern Italy, for a reported €25 million (€197,000 per room), from Bain Capital. Currently managed by Zeus International, the hotel includes a wellness centre, restaurant, swimming pool and meeting rooms. Bain acquired the property in 2017 as part of the takeover of the Italian subsidiary of Heta Asset Resolution, a “bad bank” formed out of the dismantled Hypo Alpe-Adria-Bank. The Lazise hotel was extensively renovated under Bain’s ownership, including an increased number of rooms. Fattal now has five hotels in Italy and 214 overall.","https://www.google.com/maps/place/Principe+di+Lazise/@45.4804953,10.7314247,17z/data=!3m1!4b1!4m11!3m10!1s0x4781eecb8820a2d9:0x56cc658bf5abb70d!5m4!1s2023-06-18!2i6!4m1!1i2!8m2!3d45.4804916!4d10.7336187!16s%2Fg%2F1vqtfnj6"
302,Holiday Inn Naples,4,4,Midscale,2022,Q3,9000000.0,312,28846,29000,,,,Sale,Napoli,NA,Napoli,Campania,40.858011,14.284443,high,Google place pin,"Holiday Inn Naples, an IHG Hotel",internal file,"Bayview acquirente, Intesa e Unicredit leasing cedenti (leasing ripossessato) + credito leasing, asking price 22M","https://www.google.com/maps/place/Holiday+Inn+Naples,+an+IHG+Hotel/@40.8573613,14.2841642,18.29z/data=!4m11!3m10!1s0x133ba7ffac6db3db:0x858c2014a064dce!5m4!1s2023-06-18!2i6!4m1!1i2!8m2!3d40.8580106!4d14.2844428!16s%2Fg%2F1tfrwcj6"
303,Palazzo Castri 1874,4,4s,,2023,Q2,28000000.0,58,482759,483000,,,,Sale,Firenze,FI,Firenze,Toscana,43.778815,11.253927,high,Google place pin,Palazzo Castri 1874,Thrends Bullettin,"È stato venduto Palazzo Castri 1874, 4*S da 58 chiavi, localizzato a Piazza della Indipendenza, a Firenze. A vendere, per Euro 28 mln (482,8mila euro a chiave), è stato Real Estate Management Srl, veicolo partecipato da Portovia Limited (70%) e Renco Valore S.p.A. (30%). A rilevare l’immobile è stato invece il magnate russo Valery Iakovlev.","https://www.google.com/maps/place/Palazzo+Castri+1874/@43.7788146,11.2539265,15z/data=!4m11!3m10!1s0x132a541d6d305f07:0x70661cfbfed5689b!5m4!1s2023-06-18!2i6!4m1!1i2!8m2!3d43.7788146!4d11.2539265!16s%2Fg%2F11g_hg3ry"
304,Resort Poggio de Medici,4,4,,2023,Q2,15000000.0,70,214286,214286,,,,Sale,Scarperia e San Piero,FI,Firenze,Toscana,43.996048,11.331889,high,Google place pin,Poggio dei Medici Toscana,"Thrends Bullettin, rogito non ancora presente","A vendere è stato un fondo immobiliare del gruppo Unipol, acquirente Cafaggiolo S.r.l. (Lowenstein)","https://www.google.it/maps/place/Poggio+dei+Medici+Toscana/@43.9962344,11.3302643,222m/data=!3m1!1e3!4m11!3m10!1s0x132ae2b003f88983:0xeb2068fb798d79de!5m4!1s2023-06-18!2i6!4m1!1i2!8m2!3d43.9960479!4d11.3318891!16s%2Fg%2F1tq4hg4s"
305,Antico Albergo,3,3,,2022,Q2,1200000.0,27,44444,44444,,,,Sale,Negrar di Valpolicella,VR,Verona,Veneto,45.531068,10.936911,high,Google place pin,,AdE,https://www.anticoalbergo.com/home.asp,"https://www.google.it/maps/place/45%C2%B031'51.8%22N+10%C2%B056'12.9%22E/@45.5309697,10.9368727,392m/data=!3m1!1e3!4m4!3m3!8m2!3d45.531068!4d10.9369111"
306,Bajamar Beach Hotel,4,4,,2023,Q2,2800000.0,76,36842,36842,,,,Auction,Formia,LT,Latina,Lazio,41.256853,13.65623,high,Google place pin,Hotel Bajamar,Thrends,"La struttura è stata aggiudicata dall’imprenditore Roberto Sorrenti, amministratore della Dlt Viaggi di Formia","https://www.google.com/maps/place/Hotel+Bajamar/@41.2569433,13.6549052,18z/data=!4m20!1m10!3m9!1s0x133ad1e6d4f72815:0x48b6d939d39a92e6!2sHotel+Bajamar!5m2!4m1!1i2!8m2!3d41.2568526!4d13.6562302!16s%2Fg%2F1td9b0hs!3m8!1s0x133ad1e6d4f72815:0x48b6d939d39a92e6!5m2!4m1!1i2!8m2!3d41.2568526!4d13.6562302!16s%2Fg%2F1td9b0hs"
307,Hotel Sporting,3,3,,2023,Q2,1100000.0,25,44000,44000,,,,Sale,Vasto,CH,Chieti,Abruzzo,42.080901,14.741893,high,Google place pin,Hotel Sporting,Thrends,"Ad aggiudicarsi la struttura è stata la Poseidone Srl, società di costruzione riconducibile all’imprenditore vastese Domenico Crisci.","https://www.google.com/maps/place/Hotel+Sporting/@42.0809051,14.7393177,17z/data=!4m20!1m10!3m9!1s0x1330dca0ae935d0d:0x201fdb5648f5ee36!2sHotel+Sporting!5m2!4m1!1i2!8m2!3d42.0809011!4d14.7418926!16s%2Fg%2F1tfjbt6g!3m8!1s0x1330dca0ae935d0d:0x201fdb5648f5ee36!5m2!4m1!1i2!8m2!3d42.0809011!4d14.7418926!16s%2Fg%2F1tfjbt6g"
308,Hotel Savoy,4,4,,2023,Q2,62000000.0,120,516667,516667,,,,Sale,Roma,RM,Roma,Lazio,41.907438,12.489339,high,Google place pin,Hotel Savoy Roma,Thrends,"A rilevare l’asset, per Euro 62 milioni (517mila euro a chiave), è stata la catena alberghiera israeliana Isrotel, che gestisce attualmente 23 hotel, attraverso i brand «Isrotel Collection», «Isrotel Exclusive», «Isrotel Design» e la maggior parte dei quali localizzati nella città di Eilat. D’altra parte, a cedere l’immobile è stata Barbara Lupo, che ne deteneva il 50% della proprietà più un’ulteriore 8% tramite la Lov & Partner Immobiliare. Sempre a Barbara Lupo è riconducibile la società di gestione, la S.I.S.A Srl, di cui detiene il 75%.","https://www.google.com/maps/place/Hotel+Savoy+Roma/@41.9074377,12.4893391,15z/data=!4m9!3m8!1s0x132f6100aa87b0d5:0xa488f71018a37149!5m2!4m1!1i2!8m2!3d41.9074377!4d12.4893391!16s%2Fg%2F1tgdw874?entry=ttu"
309,Hotel Crivi's,4,4,,2023,Q2,18000000.0,86,209302,209302,,,,Sale,Milano,MI,Milano,Lombardia,45.452964,9.196222,high,Google place pin,Hotel Crivi's,Thrends,"A rilevare l’asset, per Euro 18 milioni (209 mila euro a chiave), è stato Extro Hotels, gruppo domestico fondato nel 2011 La nuova proprietà prevede per l’Hotel Crivi’s investimenti CapEx per ca Euro 2 milioni","https://www.google.com/maps/place/Hotel+Crivi's/@45.452968,9.1936414,17z/data=!3m1!4b1!4m9!3m8!1s0x4786c41c0bcaec19:0x79aa520b636a6883!5m2!4m1!1i2!8m2!3d45.4529643!4d9.1962217!16s%2Fg%2F1thg9b25?entry=ttu"
310,Piccolo Hotel,3,3,,2023,Q1,13500000.0,32,421875,422000,,,,Sale,Forte dei Marmi,LU,Lucca,Toscana,43.952687,10.174221,medium,map viewport centre,Piccolo Hotel,Thrends,"Il Piccolo Hotel, struttura storica di Forte dei Marmi, gestita dalla famiglia Babboni, è stato recentemente venduto per Euro 13,5 milioni, con annessa villa (7 milioni). A rilevare l’asset il Mercury Group, società russa che gestisce a Mosca diversi boutique di moda tra cui quelle di Giorgio Armani, Dolce & Gabbana, Bvlgari, Tiffany & Co. ecc.","https://www.google.com/maps/place/Piccolo+Hotel/@43.9526867,10.1742214,15z/data=!4m2!3m1!1s0x0:0xf1b162f0266987c5?sa=X&ved=2ahUKEwj3y67mzM__AhXMT6QEHaghBJsQ_BJ6BAhiEAc"
311,Hotel Vergilius Billia,4,4,,2023,Q2,2035000.0,68,29926,30000,,,,Auction,,,,,,,nan,nan,,Thrends,"L’asta si è tenuta lo scorso 20 giugno. Il prezzo base era pari a Euro 2,7 milioni (ca. 39,7mila a chiave), mentre l’offerta minima di Euro 2 milioni.",
312,Hotel Des Bains,3,3,,2023,Q2,1315500.0,70,18793,19000,,,,Auction,,,,,,,nan,nan,,Corriere Adriatico,"La struttura di 3.773 metri quadrati affacciata su piazzale della Libertà all’angolo tra viale della Repubblica e viale Trieste era finita nuovamente all’asta a 1.754.000 euro, un prezzo base dimezzato rispetto al valore di oltre 3 milioni della stima iniziale. Ad acquisirlo, con un’offerta minima di 1.315.500, euro è stata una società pesarese.",
313,HD8 Hotel Milano,4,4,,2023,Q2,23000000.0,79,291139,291000,1171926.0,14834.506329113925,0.050953304347826085,Sale,,,,,,,nan,nan,,Ansa.it,"Coima ha acquisito da Covivio la struttura alberghiera HD8 Hotel Milano, 4 stelle situato in piazza Duca d'Aosta, in posizione antistante la stazione centrale, per un corrispettivo pari a 23 milioni di euro. Coima ha acquisito da Covivio la struttura alberghiera HD8 Hotel Milano, 4 stelle situato in piazza Duca d'Aosta, in posizione antistante la stazione centrale, per un corrispettivo pari a 23 milioni di euro.     L'operazione è stata condotta attraverso il fondo Coima Core Fund II",
314,Hotel Victoria,4,4,,2023,Q3,5500000.0,54,101852,102000,,,,Sale,Jesolo,VE,Venezia,Veneto,45.484315,12.592212,high,Google place pin,Hotel Victoria Frontemare Jesolo,Thrends,"A vendere l’immobile è stato Trevinvest S r l riconducibile a Fabrizio Trevisiol Secondo alcune fonti, nel 2018 la società aveva acquistato l’Hotel Victoria per ca Euro 4 6 mln","https://www.google.com/maps/place/Hotel+Victoria+Frontemare+Jesolo/@45.484315,12.592212,15z/data=!4m9!3m8!1s0x477c004638c4e085:0xa3d243eb89a771ef!5m2!4m1!1i2!8m2!3d45.484315!4d12.592212!16s%2Fg%2F1tj56m83?entry=ttu"
315,Grand Hotel Bologna Congress & Wellness,4,4,,2023,Q3,3250000.0,142,22887,23000,,,,Auction,Pieve di Cento,BO,Bologna,Emilia-Romagna,44.715614,11.298767,medium,map viewport centre,Grand Hotel Bologna Congress & Wellness,Thrends,"Ad aggiudicarsi l’immobile all’asta, per Euro 3 25 mln (ca Euro 23 mila a chiave), è stata la società La Torre S r l parte del Gruppo Rinascimento Holding Italia","https://www.google.com/maps/place/Grand+Hotel+Bologna+Congress+%26+Wellness/@44.7156143,11.2987671,15z/data=!4m2!3m1!1s0x0:0x2dd334c0bca4aa0?sa=X&ved=2ahUKEwiVp_HJ1oiAAxXhgf0HHQnsASAQ_BJ6BAhREAA&ved=2ahUKEwiVp_HJ1oiAAxXhgf0HHQnsASAQ_BJ6BAhaEAc"
316,Gusmay Beach Resort,5,5-4,,2023,Q3,15000000.0,180,83333,83000,,,,Sale,Peschici,FG,Foggia,Puglia,41.942104,16.063722,medium,map viewport centre,,internal file,"Share deal, A rilevare il resort è stato il Gruppo Gianel Shoes e Gsmart, riconducibile alla famiglia Casarano. L'operazione si è conclusa con l'acquisizione del 100% del capitale sociale di Baia del Gusmay S.r.l. e del ramo d'azienda degli hotel Gusmay e Hotel le Dune, da  Maritalia S.r.l., società riconducibile a Paolo Sacco. Gusmay Resort comprende due hotel 5 stelle e un hotel 4 stelle. Il Resort è composto da un corpo centrale con la reception e il centro wellness, e da tre blocchi separati che ospitano l'Hotel Gusmay, 5* da 56 chiavi, Suite Le Dune, 5* da 32 chiavi, e l'Hotel Cala del Turco, 4* da 92 chiavi.","https://www.google.com/maps/search/gusmay+beach+resort+peschici/@41.9421035,16.0637223,17z/data=!3m1!4b1?authuser=0&entry=ttu"
317,Blu Hotel Morisco,4,4,,2021,Q3,6400000.0,72,88889,88889,,,,Sale,Arzachena,SS,Sassari,Sardegna,41.141375,9.425234,medium,Google place pin (multiple pins in URL),Hotel Stelle Marine,AdE,Attualmente di proprietà di Monte dei Paschi di Siena,"https://www.google.com/maps/place/Hotel+Stelle+Marine/@41.1414182,9.4240557,205m/data=!3m1!1e3!4m22!1m11!3m10!1s0x12d9443bcdc45787:0xe668cd99ae4b61c9!2sBlu+Hotel+Morisco!5m3!1s2024-05-12!4m1!1i2!8m2!3d41.1079649!4d9.4370214!16s%2Fg%2F1tfn4v1c!3m9!1s0x12d9438f18be4741:0x35318d42cb47e599!5m3!1s2024-05-12!4m1!1i2!8m2!3d41.1413748!4d9.4252336!16s%2Fg%2F1tdlq885?entry=ttu"
318,Hotel Stelle Marine,4,4,,2023,Q1,2623708.0,72,36440,36440,,,,Sale,Arzachena,SS,Sassari,Sardegna,41.124653,9.41105,medium,map viewport centre,,AdE,,"https://www.google.com/maps/search/hotel+stelle+marine/@41.1246527,9.4110495,14z/data=!3m1!4b1?entry=ttu"
319,Hotel Delle Vigne,4,4,,2022,Q2,2200000.0,71,30986,30986,,,,Sale,,,,,,,nan,nan,,AdE,"Abbandonato, totalmente da ristrutturare",https://www.hotel.info/it/delle-vigne/hotel-511766/
320,Hotel Sollievo,4,4,,2023,Q3,2800000.0,108,25926,25926,,,,Sale,Montegrotto Terme,PD,Padova,Veneto,45.329082,11.794768,high,Google place pin,"Viale Stazione, 113, 35036 Montegrotto Terme PD",Bullettin,"Abbandonato, totalmente da ristrutturare","https://www.google.com/maps/place/Viale+Stazione,+113,+35036+Montegrotto+Terme+PD/@45.3290818,11.7921873,17z/data=!3m1!4b1!4m6!3m5!1s0x477ede7d17ff3e9d:0xeab18dc78dae0c79!8m2!3d45.3290818!4d11.7947676!16s%2Fg%2F11bz_7y2mh?entry=ttu"
321,Hotel Spalmatore,3,3,,2023,Q3,1600000.0,80,20000,20000,,,,Auction,,,,,,,nan,nan,,Bullettin,"La struttura è stata operativa fino al 2018 mentre a giugno del 2022 è andata per la prima volta all’asta per un prezzo base di Euro 5,2 mln. L’ultima asta è stata aggiudicata, per Euro 1,6 mln, al Gruppo Todaro, attivo nel campo delle energie rinnovabili.",https://goo.gl/maps/6gRu5xBKV4TMTrRm6
322,Hotel Ritter,3,3,,2023,Q3,39000000.0,88,443182,443182,,,,Sale,Milano,MI,Milano,Lombardia,45.476164,9.184151,high,Google place pin,Hotel Ritter,Bullettin - COP,Da Di Fresco,"https://www.google.com/maps/place/Hotel+Ritter/@45.4761639,9.1815704,17z/data=!3m1!4b1!4m9!3m8!1s0x4786c14a42b388a1:0xc285e42a5189c4c8!5m2!4m1!1i2!8m2!3d45.4761639!4d9.1841507!16s%2Fg%2F1tfvy0cl?entry=ttu"
323,Hotel Fifty House Cellini,5,5,,2023,Q3,22050000.0,49,450000,450000,,,,Auction,Milano,MI,Milano,Lombardia,45.46398,9.208968,high,Google place pin,Fifty House,Bulletin,"La struttura si estende su una superficie di ca. 4 mila mq e si snoda su 6 piani, di cui uno interrato. Le camere sono 49, di cui 2 non autorizzate","https://www.google.com/maps/place/Fifty+House/@45.4639805,9.2063882,17z/data=!3m1!4b1!4m9!3m8!1s0x4786c6985a5ceafb:0x909d61b851838cea!5m2!4m1!1i2!8m2!3d45.4639805!4d9.2089685!16s%2Fg%2F11cm_hsfwv?entry=ttu"
324,Hotel Le Conchiglie,4,4,,2023,Q3,2847000.0,150,18980,18980,,,,Auction,Riccione,RN,Rimini,Emilia-Romagna,44.0227,12.63215,high,Google place pin,Hotel Le Conchiglie,Bulletin,"A rilevare la struttura, ormai chiusa da tempo, è stato il gruppo Club Family Hotel di Andrea Falzaresi e Vittorio Pazzini.","https://www.google.com/maps/place/Hotel+Le+Conchiglie/@44.0227,12.6295697,17z/data=!3m1!4b1!4m9!3m8!1s0x132ce7deaafa55f1:0xddcdc7dd0a289940!5m2!4m1!1i2!8m2!3d44.0227!4d12.63215!16s%2Fg%2F11hnq4sktj?entry=ttu"
325,Hotel Nautilus,3,3,,2023,Q3,5000000.0,22,227273,227273,,,,Sale,Forte dei Marmi,LU,Lucca,Toscana,43.963045,10.164133,high,Google place pin,Hotel Nautilus,Bulletin,"È stato recentemente venduto l’Hotel Nautilus di Forte dei Marmi (LU) per ca. Euro 5 mln. A rilevare l’immobile, dalla famiglia Scialli, è stata una società milanese, a cui fa capo l’imprenditore Gianluca Conti, che ha in programma lavori per l’adattamento della struttura in «boutique hotel» e la riapertura per la stagione 2024.","https://www.google.com/maps/place/Hotel+Nautilus/@43.9630445,10.1641326,15z/data=!4m9!3m8!1s0x12d509f37b04700f:0xa4356da260ac3b8b!5m2!4m1!1i2!8m2!3d43.9630445!4d10.1641326!16s%2Fg%2F1v6_dlz0?entry=ttu"
326,4 SPA Resort Hotel,4,4,,2023,Q3,10600000.0,48,220833,220833,,,,Auction,Catania,CT,Catania,Sicilia,37.538244,15.124532,medium,map viewport centre,4 Spa Resort Hotel,Bulletin,"È stato venduto all’asta il 4 SPA Resort Hotel, 4* da 48 chiavi localizzato ad Aci Castello (CT) in data 08/09/2023. L’immobile è stato aggiudicato a Euro 10,6 mln (ca. Euro 221mila a chiave), prezzo pari all’offerta minima prevista. Il prezzo base, invece, era fissato a Euro 13,2 mln.","https://www.google.com/maps/place/4+Spa+Resort+Hotel/@37.5382438,15.1245316,15z/data=!4m2!3m1!1s0x0:0xd924bfc4c15d0c1?sa=X&ved=2ahUKEwjnta3yi6KBAxUdSaQEHaraD4wQ_BJ6BAhSEAA&ved=2ahUKEwjnta3yi6KBAxUdSaQEHaraD4wQ_BJ6BAhfEAc"
327,Hotel Panorama,4,4,,2023,Q4,8300000.0,100,83000,83000,,,,Auction,Cagliari,CA,Cagliari,Sardegna,39.204687,9.134287,high,Google place pin,"Viale Armando Diaz, 231, 09126 Cagliari CA",Bulletin,"Il Gruppo Sardo ITI Marina Hotels & Resorts si è appena aggiudicato all’asta l’Hotel Panorama di Cagliari, 4* da 100 chiavi, per Euro 8,3 mln. L’hotel venne aperto nel 1982, e per anni è stato uno degli hotel di punta del capoluogo, ma negli ultimi anni, a causa della crisi accentuata dalla pandemia, è iniziato il declino. L’Hotel è infatti chiuso dal 2021 a causa di un concordato preventivo per situazione debitoria dell’ex proprietà, la Sarda Residences S.r.l., che superava Euro 10 mln. L’immobile si sviluppa su una superficie di oltre 2.300 mq, e si snoda su 11 piani. Completano l’offerta dell’hotel la piscina, bar e sala fitness. L’hotel era andato all’asta la prima volta lo scorso 21 giugno, tuttavia, non era pervenuta alcuna offerta. Il prezzo base previsto era di Euro 9,7 milioni (ca. Euro 97mila a chiave), mentre l’offerta minima era di Euro 7,2 milioni. L’11 ottobre, invece, la base d’asta era scesa a Euro 8,3 mln e l’unica offerta pervenuta è stata quella della società di Orosei.","https://www.google.com/maps/place/Viale+Armando+Diaz,+231,+09126+Cagliari+CA/@39.2046869,9.1317069,17z/data=!3m1!4b1!4m6!3m5!1s0x12e7338f5832d905:0x283cdf784cf6fee9!8m2!3d39.2046869!4d9.1342872!16s%2Fg%2F11b8z57h10?entry=ttu"
328,Six Senses Rome,5,5,Luxury,2023,Q4,245000000.0,95,2578947,2578947,,,,Sale,Roma,RM,Roma,Lazio,41.898659,12.481473,medium,map viewport centre,Six Senses Rome,Bulletin,"A rilevare il Six Senses di Roma, 5* da 95 chiavi, per un valore pari a Euro 245 mln (2,6 mln a chiave), è stato il Gruppo Statuto, da Orion Capital Managers. L'hotel, inaugurato a marzo di quest’anno, è stato sviluppato in un palazzo restaurato nel centro storico della città, in piazza di San Marcello. L'asset era stato rilevato nel 2018 da Orion European Real Estate Fund V (Orion Capital Managers) per Euro 95 milioni (1 mln a camera, da progetto).","https://www.google.com/maps/place/Six+Senses+Rome/@41.8986593,12.4814726,15z/data=!4m2!3m1!1s0x0:0xc191f99c4a3d8e7f?sa=X&ved=2ahUKEwjntruB2v-BAxWgRaQEHUZDBgQQ_BJ6BAhoEAA&ved=2ahUKEwjntruB2v-BAxWgRaQEHUZDBgQQ_BJ6BAhxEAc"
329,Hotel Areion,4,4,,2023,Q4,10000000.0,39,256410,256410,,,,Sale,Forte dei Marmi,LU,Lucca,Toscana,43.951926,10.1748,high,Google place pin,Hotel Areion,internal file,Buyer Italian club deal. The property will undergo a full renovation and upgrading  progarm to reopen as a 5 -star with 38 rooms,"https://www.google.com/maps/place/Hotel+Areion/@43.9519267,10.1744181,19.67z/data=!4m6!3m5!1s0x12d50a0399e0f289:0x4c06c8688a6cf288!8m2!3d43.9519256!4d10.1748003!16s%2Fg%2F1tdt3bn_?entry=ttu"
330,Hotel Cala Ponte,4,4,,2023,Q4,7000000.0,58,120690,120690,,,,Auction,Polignano a Mare,BA,Bari,Puglia,41.005395,17.198043,high,Google place pin,Calaponte Hotel,Bulletin,"Il complesso interamente recintato si sviluppa su una superficie pari a ca. 43 mila mq. Attorno al fabbricato principale (10 camere), posto centralmente, si sviluppano 4 corpi di fabbrica prospicienti la piscina centrale che ospitano 48 camere indipendenti, tutte poste su un unico livello con antistanti patii. A completare l’offerta del complesso vi sono centro benessere, sala meeting, 2 campi da tennis e parcheggio con 50 posti auto.","https://www.google.com/maps/place/Calaponte+Hotel/@41.0053955,17.1980431,15z/data=!4m9!3m8!1s0x1347cbfda1a77283:0xb7594e771013cdb8!5m2!4m1!1i2!8m2!3d41.0053955!4d17.1980431!16s%2Fg%2F11b7vxxhwc?entry=ttu"
331,Grand Hotel Villa Itria,4,4,,2023,Q4,2630000.0,90,29222,29222,260000.0,2888.8888888888887,0.09885931558935361,Auction,,,,,,,nan,nan,,,"l complesso immobiliare si estende su una superficie complessiva di ca. 18 mila mq, di cui ca. 6.300 occupati dalla struttura, costituita da piano seminterrato, interrato, piano terra, primo e secondo. Completano l’offerta ricettiva un parcheggio esterno, piscina di ca. 200 mq con solarium, una sala riunioni da 200 posti, una sala congressi da 560 posti, centro benessere SPA e fitness da 1.200 mq con annessa piscina indoor e palestra, bar e sala ristorante. L’immobile risulta al momento occupato e gestito dalla società A&G S.r.l., in virtù di un contratto d’affitto d’azienda del 05/11/2013, stipulato con l’ex proprietaria Villa Itria Srl, in liquidazione dal 2013. Il canone di affitto di ramo d’azienda, in base a fonti di bilancio del 2014, ammontava a 325mila Euro, mentre nel 2018 era diminuito a 280mila, per poi ridursi ulteriormente a 260mila nel 2022.",
332,Former Hotel San Gottardo (future Radisson Collection),4,4,,2022,Q2,9500000.0,72,131944,131944,,,,Sale,Como,CO,Como,Lombardia,45.81235,9.080077,high,formaps pin,,internal file,"Il progetto prevede un investimento CapEx di ca. 30 mln di Euro per la riqualificazione dell’immobile, in abbandono dal 1986, e l’apertura di un hotel 5 stelle marchiato «Radisson Collection». L’Hotel disporrà di 72 chiavi, bistrot, lounge bar, SPA, sala fitness e ristorante gourmet panoramico all’ultimo piano. Secondo quanto dichiarato dall’architetto che ha progettato il restauro dello storico albergo, Elisabetta Cavalleri, l’apertura sarebbe prevista entro la prima metà del 2025. L’ex San Gottardo è stato acquistato nel secondo trimestre del 2022 da Pessina Immobiliare S.r.l., società riconducibile all’imprenditore comasco Maurizio Critelli, già attivo nel settore alberghiero. A vendere è stata la società milanese Beatrice d’Este S.p.A., che deteneva la proprietà dell’immobile dagli anni Ottanta.","https://www.formaps.it/?mappa.coordinate=45.812349835370625,9.080076813697817"
333,B&B Hotel Como City Center,3,3,,2019,Q3,5300000.0,65,81538,81538,331511.0,5100.169230769231,0.06254924528301886,Sale,Como,CO,Como,Lombardia,45.80832,9.076729,high,Google place pin,B&B Hotel Como City Center,Hotel Transactions,Buyer Europa Risorse Seller B&B Hotels (sale and lease back),"https://www.google.com/maps/place/B%26B+Hotel+Como+City+Center/@45.8083199,9.0741538,17z/data=!3m1!4b1!4m9!3m8!1s0x47869c4ce5c5b7eb:0xdc467a4c3e0225c5!5m2!4m1!1i2!8m2!3d45.8083199!4d9.0767287!16s%2Fg%2F1v3hyv_n?entry=ttu"
334,Mercure Roma Leonardo da Vinci,4,4,Upper Midscale,2023,Q3,28567000.0,183,156104,156104,1690000.0,9234.972677595628,0.05915916967129905,Sale,Fiumicino,RM,Roma,Lazio,41.772843,12.238784,high,Google place pin,Mercure Rome Leonardo da Vinci Airport,internal file,Sale and lease Back AMAPA (seller) CDP Fondo Turismo 2 (buyer),"https://www.google.com/maps/place/Mercure+Rome+Leonardo+da+Vinci+Airport/@41.772843,12.238784,15z/data=!4m9!3m8!1s0x1325fa8ecde2092f:0x1d9bfd3f284ca32c!5m2!4m1!1i2!8m2!3d41.772843!4d12.238784!16s%2Fg%2F1q69k1mv1?entry=ttu"
335,Movie Movie Hotel Cinecittà,4,4,,2023,Q3,16020000.0,126,127143,127143,1040000.0,8253.968253968254,0.06491885143570537,Sale,Roma,RM,Roma,Lazio,41.849016,12.577352,high,Google place pin,Movie Movie Hotel,internal file,Sale and lease Back AMAPA (seller) CDP Fondo Turismo 2 (buyer),"https://www.google.com/maps/place/Movie+Movie+Hotel/@41.8490152,12.577048,20z/data=!4m22!1m11!3m10!1s0x1325882d688224ad:0x923b7d7b1b515704!2sMovie+Movie+Hotel!5m3!1s2023-12-20!4m1!1i2!8m2!3d41.8490165!4d12.5773523!16s%2Fg%2F11j8hyh3df!3m9!1s0x1325882d688224ad:0x923b7d7b1b515704!5m3!1s2023-12-20!4m1!1i2!8m2!3d41.8490165!4d12.5773523!16s%2Fg%2F11j8hyh3df?entry=ttu"
336,NH TORINO LINGOTTO CONGRESS,4,4,,2023,Q4,26950000.0,240,112292,112292,1700000.0,7083.333333333333,0.06307977736549165,Sale,Torino,TO,Torino,Piemonte,45.032349,7.666225,high,Google place pin,Hotel NH Torino Lingotto Congress,internal file,Sale and Lease Back Lingotto Hotels srl - IPI (seller) CORUM Asset Management (buyer),"https://www.google.com/maps/place/Hotel+NH+Torino+Lingotto+Congress/@45.032349,7.666225,15z/data=!4m10!3m9!1s0x478812b83e4d8d55:0xd6a1f1bc372daa96!5m3!1s2023-12-20!4m1!1i2!8m2!3d45.032349!4d7.666225!16s%2Fg%2F11b6jgjc0d?entry=ttu"
337,Hotel Baia Imperiale,4,4,,2021,Q2,3200000.0,60,53333,53333,,,,Sale,Campo nell'Elba,LI,Livorno,Toscana,42.738599,10.187123,medium,map viewport centre,Hotel Baia Imperiale,internal file,,"https://www.google.com/maps/place/Hotel+Baia+Imperiale/@42.7385993,10.187123,15z/data=!4m2!3m1!1s0x0:0x3e360b7bfd26e410?sa=X&ved=2ahUKEwi5rvX5wuSDAxUBUaQEHVbvCQkQ_BJ6BAgPEAA"
338,Hotel Villa Padulella,3,3,,2021,Q1,950000.0,25,38000,38000,,,,Sale,Portoferraio,LI,Livorno,Toscana,42.817732,10.317429,high,raw coordinates,,internal file,,https://www.google.com/search?q=42.817731960991416%2C+10.317429270795923&rlz=1C1GCEU_enIT1002IT1002&oq=42.817731960991416%2C+10.317429270795923&gs_lcrp=EgZjaHJvbWUyBggAEEUYOdIBBzY5OGowajSoAgCwAgA&sourceid=chrome&ie=UTF-8
339,Hotel Riva del Sole,4,4,,2021,Q2,3258320.0,59,55226,55226,,,,Sale,Campo nell'Elba,LI,Livorno,Toscana,42.748081,10.23633,high,Google place pin,Hotel Riva Del Sole,internal file,,"https://www.google.com/maps/place/Hotel+Riva+Del+Sole/@42.7480936,10.2359854,18.11z/data=!4m9!3m8!1s0x12d64af3272e9c6b:0xa2e88b8bee5243d1!5m2!4m1!1i2!8m2!3d42.7480815!4d10.2363296!16s%2Fg%2F1tg_0lm9?entry=ttu"
340,Hotel Belmare,3,3,,2021,Q4,966245.0,23,42011,42011,,,,Sale,Porto Azzurro,LI,Livorno,Toscana,42.764431,10.398869,medium,map viewport centre,Hotel Belmare,AdE,,"https://www.google.com/maps/place/Hotel+Belmare/@42.7644307,10.3988686,15z/data=!4m2!3m1!1s0x0:0xe05d4a5622df64e4?sa=X&ved=2ahUKEwjJk8Or0eSDAxX_VKQEHVUDD0wQ_BJ6BAgPEAA"
341,Sofitel Roma Villa Borghese,5,5,,2024,Q1,75000000.0,78,961538,961538,,,,Sale,Roma,RM,Roma,Lazio,41.907644,12.48664,high,Google place pin,Sofitel Roma Villa Borghese,Bulletin,"Confermati i rumors: Gruppo AccorInvest vende il Sofitel Roma Villa Borghese, 5* da 78 camere, localizzato in via Lombardia. A rilevare l’immobile è la Private Equity francese Extendam.","https://www.google.com/maps/place/Sofitel+Roma+Villa+Borghese/@41.9076522,12.4865103,20z/data=!4m9!3m8!1s0x132f61aa81c013eb:0xd361d7ff9c58d144!5m2!4m1!1i2!8m2!3d41.9076439!4d12.4866398!16s%2Fg%2F1thndv8t?entry=ttu"
342,Resort Castello di Leonina,4,4,,2019,Q3,1440000.0,20,72000,72000,,,,Sale,Asciano,SI,Siena,Toscana,43.287752,11.454664,high,Google place pin,Castello Di Leonina Relais,AdE,,"https://www.google.com/maps/place/Castello+Di+Leonina+Relais/@43.2877521,11.4546638,17z/data=!3m1!4b1!4m10!3m9!1s0x132a2cf60e3cb617:0x9cf3e697e8451630!5m3!1s2024-04-19!4m1!1i2!8m2!3d43.2877521!4d11.4546638!16s%2Fg%2F11b5m46nh6?entry=ttu"
343,NH Padova (ex Mantegna),4,4,,2024,Q1,19500000.0,190,102632,102632,1550000.0,8157.894736842105,0.07948717948717948,Sale,Padova,PD,Padova,Veneto,45.412891,11.892131,high,Google place pin (multiple pins in URL),"Via Francesco Rismondo, 772, 35131 Padova PD",Bulletin,"Con un’operazione da 19,5 mln di Euro l’immobile è stato ceduto dopo 17 anni da Mediolanum Real Estate, fondo di investimento alternativo immobiliare chiuso gestito da Mediolanum Gestione Fondi, alla bellunese Savim, fondata nel 1992 dall’imprenditore Renzo Savasta e che negli ultimi anni è entrata anche nel settore hospitality.","https://www.google.com/maps/place/Via+Francesco+Rismondo,+772,+35131+Padova+PD/@45.4130516,11.8919182,121m/data=!3m1!1e3!4m18!1m11!3m10!1s0x477edaf5b313b479:0x7fd289b62c671cb6!2sHotel+NH+Padova!5m3!1s2024-04-19!4m1!1i2!8m2!3d45.4128!4d11.8918!16s%2Fg%2F1tgg8tb1!3m5!1s0x477edaf5b1d42c15:0xc6c6690479a730c2!8m2!3d45.4128908!4d11.892131!16s%2Fg%2F11cs8c9_8b?entry=ttu"
344,Golden Palace Hotel,5,5,,2024,Q1,36000000.0,195,184615,184615,,,,Sale,Torino,TO,Torino,Piemonte,45.067486,7.677504,high,Google place pin,Golden palace,HVS Hotel Transaction Bullettin,"Italian real estate asset management firm REAM SGR, through its Geras 2 fund, has acquired the former five-star, 195-room Golden Palace Hotel in Turin, Italy, for a reported €36 million (€185,000 per room). The centrally-located hotel comprises six floors which span some 20,000 sqm","https://www.google.com/maps/place/Golden+palace/@45.0674338,7.6778903,19z/data=!4m10!3m9!1s0x47886d6dcef27ccb:0x7f786afe5fcae7b6!5m3!1s2024-04-19!4m1!1i2!8m2!3d45.0674859!4d7.6775041!16s%2Fg%2F11srs5wdr_?entry=ttu"
345,Hotel Baia dei Mori,4,4,,2022,Q4,18500000.0,157,117834,117834,,,,Sale,Budoni,SS,Sassari,Sardegna,40.691548,9.737778,high,Google place pin,Hotel Baia Dei Mori,AdE,Acquirente Fondo Turismo 2,"https://www.google.com/maps/place/Hotel+Baia+Dei+Mori/@40.6915524,9.7352029,17z/data=!3m1!4b1!4m10!3m9!1s0x12dedacd026e48af:0x49bf394a12208c85!5m3!1s2024-04-19!4m1!1i2!8m2!3d40.6915484!4d9.7377778!16s%2Fg%2F12qh42nfs?entry=ttu"
346,Best Western Plus Tower,4,4,,2021,Q4,5500000.0,149,36913,36913,540000.0,3624.1610738255035,0.09818181818181818,Sale,Bologna,BO,Bologna,Emilia-Romagna,44.490962,11.390614,high,Google place pin,Best Western Plus Tower Hotel Bologna,internal file,"Vendor Generali fondo Effepi real Estate, acquirente La Nuova Asiago Immobiliare srl (BG ASSET MANAGEMENT S.A.)","https://www.google.com/maps/place/Best+Western+Plus+Tower+Hotel+Bologna/@44.4909622,11.3906138,17z/data=!3m1!4b1!4m10!3m9!1s0x477e2b69f4691b8d:0x5755256d7430afe!5m3!1s2024-04-19!4m1!1i2!8m2!3d44.4909622!4d11.3906138!16s%2Fg%2F1hc4dxc5j?entry=ttu"
347,Grand Hotel Poltu Quatu,5,5,,2024,Q1,70000000.0,239,292887,292887,,,,Sale,Arzachena,SS,Sassari,Sardegna,41.134849,9.496611,high,Google place pin,Grand Hotel Poltu Quatu,European Hotels Transactions Bullettin - HVS Europe,"Italian real estate asset management company Castello SGR, through its GEM fund, has acquired the five-star, 139-room Grand Hotel Poltu Qualtu in Sardegna, Italy, as part of a mixed-use complex, from Italian real estate company Gruppo Pulcini. The price of €70 million included the luxury hotel and approximately 100 residential units. The complex is set to be redeveloped into a luxury resort which will feature 150 hotel rooms and 80 serviced apartment units, which will all be managed by Marriott International under its luxury lifestyle W Hotels brand. Italian banks Intesa Sanpaolo, Unicredit and Banco BPM are providing financing for the acquisition and the redevelopment works. The complex is located on the Costa Smeralda coastline in the northern part of the Italian island, and was originally developed by the Pulcini family. Castello was acquired in July 2023 by the ANIMA Group, one of Italy’s largest independent asset management groups.","https://www.google.com/maps/place/Grand+Hotel+Poltu+Quatu/@41.1348492,9.4966106,17z/data=!3m1!4b1!4m9!3m8!1s0x12d940b7ef70f1b9:0x45a2ed8b6a8e014e!5m2!4m1!1i2!8m2!3d41.1348492!4d9.4966106!16s%2Fg%2F1thbm_fr?entry=ttu"
348,Aethos Hotel,5,5,,2024,Q1,15483529.0,64,241930,241930,,,,Sale,Arzachena,SS,Sassari,Sardegna,41.118406,9.439282,high,Google place pin,Aethos Sardinia,internal file,"Limestone Capital AG buyer, Share deal (venduta società veicolo), Vendor Costa Est srl","https://www.google.com/maps/place/Aethos+Sardinia/@41.1182341,9.4389117,19.25z/data=!4m10!3m9!1s0x12d9443c1be169eb:0x1f6b99b8afa0efd1!5m3!1s2024-03-06!4m1!1i2!8m2!3d41.1184057!4d9.4392817!16s%2Fg%2F1tf2pfrq?entry=ttu"
349,Santo Stefano Resort & Spa,4,4,,2022,Q1,19499999.0,309,63107,63107,,,,Sale,La Maddalena,SS,Sassari,Sardegna,41.197614,9.399721,high,Google place pin,Santo Stefano Resort & Spa,internal file,"DeaCapital acquisisce, tramite fondo sottoscritto da CPI Property Group, il resort da un portafoglio di Amundi Real Estate Italia. Venditore Amundi RE Italia, compratore Generation Fund (dea Capital) Locazioen con UVET già disdetta","https://www.google.com/maps/place/Santo+Stefano+Resort+%26+Spa/@41.1976053,9.3997335,77m/data=!3m1!1e3!4m10!3m9!1s0x12d942ed57d0a5f1:0x290ae8968b52474!5m3!1s2024-05-12!4m1!1i2!8m2!3d41.1976137!4d9.3997211!16s%2Fg%2F11b6d7gckv?entry=ttu"
350,Hotel SPA Solemar Beach & Beauty,4,4,,2024,Q1,5300000.0,78,67949,67949,,,,Auction,Ischia,NA,Napoli,Campania,40.742689,13.947876,high,Google place pin,Hotel Solemar Terme Beach & Beauty,Bulletin,"Aggiudicazione in asta a rialzo minimo rispetto all'offerta minima. L'hotel era di proprietà di Hotel Solemar S.r.l. ed era condotto in locazione, unitamente all'azienda alberghiera (di proprietà di Hotel Solemar S.r.l.) da giugno 2021 con canone annuo pari a 250 k€ (cap rate sarebbe 4,70%)","https://www.google.com/maps/place/Hotel+Solemar+Terme+Beach+%26+Beauty/@40.7363818,13.9332014,14z/data=!4m10!3m9!1s0x133b6acfc1e24109:0x375822a66fd2894b!5m3!1s2024-05-12!4m1!1i2!8m2!3d40.7426888!4d13.9478763!16s%2Fg%2F1tdtybn5?entry=ttu"
351,Grand Hotel Busca Thedy,4,4 o 5,,2024,Q1,,60,,,,,,Sale,,,,,,,nan,nan,,Bulletin,"Chiuso dal 2004 per un incendio, venduto dopo lunga trattativa. Buyer: Long Term Partners Seller: Famiglia Busca Hotel a 4 o 5 stelle, oltre ad appartamenti e locali commerciali, come stabilito dal Piano Regolatore Comunale.",
352,Roero Park Hotel,4,4,,2019,Q3,1400000.0,60,23333,23000,,,,Sale,Sommariva Perno,CN,Cuneo,Piemonte,44.752688,7.899821,high,Google place pin,Roero Park Hotel,AdE,,"https://www.google.com/maps/place/Roero+Park+Hotel/@44.7526882,7.8972461,17z/data=!3m1!4b1!4m9!3m8!1s0x4787f8c3204be561:0xa77c437e9bd57c44!5m2!4m1!1i2!8m2!3d44.7526882!4d7.899821!16s%2Fg%2F1hc75pkck?entry=ttu"
353,Boutique Hotel Torre di Cala Piccola,4,4,,2024,Q1,25000000.0,53,471698,472000,,,,Sale,Monte Argentario,GR,Grosseto,Toscana,42.404928,11.092479,high,Google place pin,Boutique Hotel Torre di Cala Piccola,Bulletin,"Erqole, società del Gruppo svedese Qarlbo di proprietà della famiglia Jonsson, ha recentemente acquistato il Boutique Hotel Torre di Cala Piccola, 4* da 53 chiavi, localizzato a Monte Argentario, da Cala Piccola S.p.A. Secondo indiscrezioni il prezzo di vendita si aggirerebbe intorno a 25 milioni di Euro (472 mila Euro a camera).","https://www.google.com/maps/place/Boutique+Hotel+Torre+di+Cala+Piccola/@42.4049321,11.0899042,17z/data=!3m1!4b1!4m9!3m8!1s0x1328447387b259f5:0x667e53319fe6c09c!5m2!4m1!1i2!8m2!3d42.4049282!4d11.0924791!16s%2Fg%2F11xpwjls2?entry=ttu"
354,GH Sardegna Hotel Diana,4,4,,2023,Q3,1050000.0,42,25000,25000,,,,Sale,Santa Teresa Gallura,SS,Sassari,Sardegna,41.240595,9.182294,high,Google place pin,GH Diana Hotel,internal file,Venditore Sardaleasing Compratore local,"https://www.google.com/maps/place/GH+Diana+Hotel/@41.2405953,9.1822935,17z/data=!3m1!4b1!4m9!3m8!1s0x12dbdf65bbf7b1f7:0x6de87c4d7e8b9f57!5m2!4m1!1i2!8m2!3d41.2405953!4d9.1822935!16s%2Fg%2F11y36m1m2w?entry=ttu"
355,Resort Baia del Sole,4,4,,2022,Q1,1900000.0,27,70370,70000,,,,Sale,Olbia,SS,Sassari,Sardegna,40.911303,9.569992,high,Google place pin,Baia del Sole,AdE,,"https://www.google.com/maps/place/Baia+del+Sole/@40.9113069,9.5674175,821m/data=!3m2!1e3!4b1!4m9!3m8!1s0x12d9352b7ce78e69:0x2efc2bad66b7bb4b!5m2!4m1!1i2!8m2!3d40.9113029!4d9.5699924!16s%2Fg%2F11vc7rfwnw?entry=ttu"
356,Hotel Castello,3,3,,2022,Q2,3340000.0,44,75909,76000,,,,Sale,Golfo Aranci,SS,Sassari,Sardegna,41.004087,9.611554,high,Google place pin,Hotel Castello,AdE,Compratore Sardaleasing (leasing),"https://www.google.com/maps/place/Hotel+Castello/@41.0040477,9.610875,205m/data=!3m1!1e3!4m9!3m8!1s0x12d9371f56c9d6db:0xaddc9100ada99068!5m2!4m1!1i2!8m2!3d41.0040867!4d9.6115542!16s%2Fg%2F1w0zq4yh?entry=ttu"
357,Hotel La Conchiglia,3,3,,2019,Q1,973781.0,23,42338,42000,,,,Sale,Campo nell'Elba,LI,Livorno,Toscana,42.737181,10.187664,high,Google place pin (multiple pins in URL),Hotel b&b La Conchiglia,AdE,,"https://www.google.com/maps/place/Hotel+b%26b+La+Conchiglia/@42.7361324,10.1869017,127a,35y,25.07h,45t/data=!3m1!1e3!4m18!1m8!3m7!1s0x12d64b43c95d029d:0xca31e479c077dae5!2sVia+Cavoli,+57034+Cavoli+LI!3b1!8m2!3d42.7374417!4d10.1863994!16s%2Fg%2F1tf4zpfg!3m8!1s0x12d64b43d5e0d6d5:0x582d285bf6c4fb10!5m2!4m1!1i2!8m2!3d42.7371811!4d10.1876639!16s%2Fg%2F11dybgm7qn?entry=ttu"
358,Hotel Città di Conegliano,4,4,,2019,Q3,700000.0,57,12281,12000,,,,Sale,Conegliano,TV,Treviso,Veneto,45.888795,12.30582,high,Google place pin (multiple pins in URL),Hotel Città di Conegliano,AdE,,"https://www.google.com/maps/place/Hotel+Citt%C3%A0+di+Conegliano/@45.8891601,12.3056114,18.25z/data=!4m18!1m8!3m7!1s0x4779151d65f8c189:0xda2593e0dba0b723!2sVia+Angelo+Parrilla,+31015+Conegliano+TV!3b1!8m2!3d45.8892062!4d12.3071852!16s%2Fg%2F119vvrcjw!3m8!1s0x4779151d4232e21b:0x945984044bcb9660!5m2!4m1!1i2!8m2!3d45.8887949!4d12.3058202!16s%2Fg%2F1tfyzz2v?entry=ttu"
359,Hotel Residence Portus,4,4,,2023,Q3,1378738.29,15,91916,92000,,,,Sale,Portogruaro,VE,Venezia,Veneto,45.77148,12.840089,high,Google place pin (multiple pins in URL),Hotel Residence Portus,AdE,incassati solo 127.416 per debiti pregressi,"https://www.google.com/maps/place/Hotel+Residence+Portus/@45.7713759,12.8392631,212m/data=!3m1!1e3!4m18!1m8!3m7!1s0x477be70ad6e5a543:0x8db83767d60b7e0e!2sPiazza+Dogana,+30026+Portogruaro+VE!3b1!8m2!3d45.7716091!4d12.8401449!16s%2Fg%2F11c0xfpfp2!3m8!1s0x477be70ad73cc5ff:0x568cd35d0be1c386!5m2!4m1!1i2!8m2!3d45.7714801!4d12.8400887!16s%2Fg%2F1tg4k6nq?entry=ttu"
360,Agrihotel il Palagetto,4,4,,2021,Q4,980000.0,23,42609,43000,,,,Sale,Volterra,PI,Pisa,Toscana,43.453054,10.877722,high,Google place pin,Agrihotel il Palagetto,AdE,,"https://www.google.it/maps/place/Agrihotel+il+Palagetto/@43.4530577,10.8751474,17z/data=!3m2!4b1!5s0x132a10c549e9e591:0x1c4ff9737a9056f7!4m9!3m8!1s0x132a10c2e0b17ab5:0x64e3d75c33b65c0f!5m2!4m1!1i2!8m2!3d43.4530538!4d10.8777223!16s%2Fg%2F1tcyzvft?entry=ttu"
361,Hotel Europa,3,3,,2023,Q4,3310000.0,56,59107,59000,,,,Auction,Poggibonsi,SI,Siena,Toscana,43.456433,11.15585,medium,map viewport centre,,AdE,,"https://www.google.it/maps/@43.4564334,11.1558502,3a,75y,330.08h,102.54t/data=!3m7!1e1!3m5!1sHdY-Ay33vYall0OuObS55A!2e0!6shttps:%2F%2Fstreetviewpixels-pa.googleapis.com%2Fv1%2Fthumbnail%3Fpanoid%3DHdY-Ay33vYall0OuObS55A%26cb_client%3Dsearch.gws-prod.gps%26w%3D86%26h%3D86%26yaw%3D170.9937%26pitch%3D0%26thumbfov%3D100!7i16384!8i8192?entry=ttu"
362,Holiday Inn Naples,4,4,Midscale,2024,Q2,17000000.0,312,54487,54000,,,,Sale,Napoli,NA,Napoli,Campania,40.858011,14.284443,high,Google place pin,"Holiday Inn Naples, an IHG Hotel",internal file,"Ciappitelli (CHC) Acquirente, Bayview venditore","https://www.google.com/maps/place/Holiday+Inn+Naples,+an+IHG+Hotel/@40.8573613,14.2841642,18.29z/data=!4m11!3m10!1s0x133ba7ffac6db3db:0x858c2014a064dce!5m4!1s2023-06-18!2i6!4m1!1i2!8m2!3d40.8580106!4d14.2844428!16s%2Fg%2F1tfrwcj6"
363,CDH My One Hotel Bologna,4,4,,2024,Q2,7900000.0,95,83158,83000,,,,Sale,,,,,,,nan,nan,,internal file,"Ciappitelli (CHC) Acquirente, Bayview venditore, share deal",https://www.google.com/maps/place//data=!4m2!3m1!1s0x477fd46cd807167b:0xdf4766e0d16b1363?sa=X&ved=1t:8290&ictx=111
364,CDH Villa Ducale Parma,4,4,,2024,Q2,7900000.0,113,69912,70000,,,,Sale,Parma,PR,Parma,Emilia-Romagna,44.824284,10.330937,high,Google place pin,CDH Hotel Villa Ducale,internal file,"Ciappitelli (CHC) Acquirente, Bayview venditore, share deal","https://www.google.com/maps/place/CDH+Hotel+Villa+Ducale/@44.8242843,10.3309367,16z/data=!3m1!4b1!4m10!3m9!1s0x47806a8368f8b691:0xc957a5aff3a84319!5m3!1s2024-04-16!4m1!1i2!8m2!3d44.8242843!4d10.3309367!16s%2Fg%2F12hvgmwlt?entry=ttu"
365,Grand Hotel et des Palmes,5,5,,2024,Q1,27000000.0,179,150838,151000,,,,Sale,Palermo,PA,Palermo,Sicilia,38.123914,13.359318,high,Google place pin,"Via Roma, 398, 90139 Palermo PA",internal file,Seller Algebris buyer Mangia's,"https://www.google.it/maps/place/Via+Roma,+398,+90139+Palermo+PA/@38.1239184,13.3571294,587m/data=!3m2!1e3!4b1!4m5!3m4!1s0x1319e5f6184ff819:0xcfb2b944f4b28af0!8m2!3d38.1239142!4d13.3593181"
366,Hotel Vannucci,4,4,,2023,Q3,1630000.0,30,54333,54000,,,,Sale,,,,,,,nan,nan,,AdE,TBC,https://www.google.com/maps/place//data=!4m2!3m1!1s0x13294c1555555555:0x27bec15fbe3561ea?sa=X&ved=1t:8290&ictx=111
367,Hotel Relais San Lorenzo,3,3,,2022,Q1,560000.0,18,31111,31000,,,,Sale,Abbadia San Salvatore,SI,Siena,Toscana,42.858532,11.679537,high,Google place pin,Albergo Hotel Relais San Lorenzo,AdE,,"https://www.google.com/maps/place/Albergo+Hotel+Relais+San+Lorenzo/@42.8585319,11.6795366,17z/data=!3m1!4b1!4m10!3m9!1s0x13291513b904d413:0xdc630617d69f7178!5m3!1s2024-04-16!4m1!1i2!8m2!3d42.8585319!4d11.6795366!16s%2Fg%2F1tfn61sq?entry=ttu"
368,Hotel La Serenissima Terme,3,3,,2024,Q1,1300000.0,70,18571,19000,,,,Sale,Abano Terme,PD,Padova,Veneto,45.350361,11.779044,high,Google place pin,Hotel La Serenissima Terme,Bulletin,,"https://www.google.com/maps/place/Hotel+La+Serenissima+Terme/@45.3503265,11.7783851,191m/data=!3m1!1e3!4m9!3m8!1s0x477edee86c0fc6f9:0xa53b599fd60712f5!5m2!4m1!1i2!8m2!3d45.3503614!4d11.779044!16s%2Fg%2F1tdvnl8b?entry=ttu"
369,Hotel Baia delle Zagare,4,4,,2023,Q2,1166907.0,19,61416,61000,,,,Sale,Mattinata,FG,Foggia,Puglia,41.746735,16.140705,high,formaps pin,,AdE,,"https://www.formaps.it/?mappa.coordinate=41.74673492283371,16.140704665643785"
370,SHG Portamaggiore,3,3,,2024,Q2,16000000.0,206,77670,78000,,,,Sale,Roma,RM,Roma,Lazio,41.891524,12.513843,high,Google place pin,SHG Hotel Portamaggiore,Bulletin,Acquirente fondo inglese,"https://www.google.com/maps/place/SHG+Hotel+Portamaggiore/@41.8917452,12.5133367,341m/data=!3m1!1e3!4m9!3m8!1s0x132f61971c7c0063:0x635d53e436efafad!5m2!4m1!1i2!8m2!3d41.8915241!4d12.5138433!16s%2Fg%2F11b5pl1g7h?entry=ttu"
371,Il Cantun,3,3,,2020,Q2,705000.0,4,176250,176000,,,,Sale,Monforte d'Alba,CN,Cuneo,Piemonte,44.582806,7.968033,high,Google place pin (multiple pins in URL),IL CANTUN BAR & CAMERE,AdE,,"https://www.google.it/maps/place/IL+CANTUN+BAR+%26+CAMERE/@44.5825851,7.9680861,154m/data=!3m1!1e3!4m18!1m8!3m7!1s0x12d2b01ace871279:0xd0f806b7f58a315b!2s12065+Monforte+d'Alba+CN!3b1!8m2!3d44.5829213!4d7.967941!16zL20vMGdiYmdy!3m8!1s0x12d2b1f05eb81bdb:0xdd05c553ba6bfbeb!5m2!4m1!1i2!8m2!3d44.5828058!4d7.9680329!16s%2Fg%2F11sthj07ft?entry=ttu"
372,Golf Relais Monforte,4,4,,2021,Q3,3200000.0,35,91429,91000,,,,Sale,Monforte d'Alba,CN,Cuneo,Piemonte,44.5828,7.968029,high,formaps pin,,AdE,Con Golf e Ristorante stellato,"https://www.formaps.it/?mappa.coordinate=44.582799992823325,7.9680286639995765"
373,Hotel Cicerone Roma,4,4,,2024,Q2,60000000.0,292,205479,205000,,,,Sale,Roma,RM,Roma,Lazio,41.907638,12.468641,high,Google place pin,iH Hotels Roma Cicerone,Bulletin,Fattal Hotels acquista da Banco BPM,"https://www.google.com/maps/place/iH+Hotels+Roma+Cicerone/@41.9074819,12.4682495,19.75z/data=!4m13!1m2!2m1!1shotel+cicerone+roma!3m9!1s0x132f6058e42ea891:0xba35e10b271b0865!5m2!4m1!1i2!8m2!3d41.9076377!4d12.4686411!15sChNob3RlbCBjaWNlcm9uZSByb21hWhUiE2hvdGVsIGNpY2Vyb25lIHJvbWGSAQVob3RlbJoBI0NoWkRTVWhOTUc5blMwVkpRMEZuU1VSQ05sQnlVRUpSRUFF4AEA!16s%2Fg%2F11gmxlzt5b?entry=ttu"
374,Hotel Miralago,4,4,,2024,Q2,22000000.0,40,550000,550000,,,,Sale,Cernobbio,CO,Como,Lombardia,45.840561,9.077365,high,Google place pin,Hotel Miralago Cernobbio,Bulletin,Acquisito da Villa d'Este Hotels,"https://www.google.com/maps/place/Hotel+Miralago+Cernobbio/@45.8405648,9.0747901,17z/data=!3m2!4b1!5s0x47869d848fee12db:0xc1a32f67bb2e10c7!4m10!3m9!1s0x47869d84901af5bd:0xc52e0fc80388cec5!5m3!1s2024-05-01!4m1!1i2!8m2!3d45.8405611!4d9.077365!16s%2Fg%2F1vgw_mcr?entry=ttu"
375,Meininger Milano Lambrate,2,2,Economy,2024,Q1,16500000.0,131,125954,126000,,,,Sale,Milano,MI,Milano,Lombardia,45.486337,9.238729,high,Google place pin,MEININGER Milano Lambrate,Bulletin,"È stato venduto il Meininger Milano Lambrate, 2*da 131 chiavi del Gruppo di ostelli Meininger,localizzato in Piazza Monte Titano 10 a Milano.L’asset, di proprietà di Covivio,è stato rilevato da un primario gruppo industriale italiano (Sambonet). L’ immobile si sviluppa su una superficie di ca.7.500 mq, distribuiti su 10 piani fuori terra, oltre a due piani interrati destinati ad autorimessa che ospitano circa 200 posti auto.","https://www.google.com/maps/place/MEININGER+Milano+Lambrate/@45.4863403,9.236154,17z/data=!3m2!4b1!5s0x4786c6561477f1fb:0xcfe4a04ce1b06139!4m9!3m8!1s0x4786c713ce25bbef:0x57d978d2eb31daba!5m2!4m1!1i2!8m2!3d45.4863366!4d9.2387289!16s%2Fg%2F11f5vcsqcy?entry=ttu"
376,Hotel Giunone,4,4,,2023,Q2,1200000.0,75,16000,16000,120000.0,1600.0,0.1,Auction,Cariati,CS,Cosenza,Calabria,39.484065,16.995522,high,Google place pin,Corte dei Greci Resort & Spa,Bulletin,"L’immobile è stato venduto in data 15.06 per ca. Euro 1,2 milioni, cifra corrispondente all’offerta minima per l’acquisto all’asta. La base d’asta era fissata a ca. Euro 1,6 milioni, valore ribassato rispetto al valore di stima pari a 2,8 milioni a causa di due aste andate deserte in precedenza, l’ultima delle quali si è tenuta il 7.03.2023.  L’immobile risulta al momento occupato in virtù di un contratto di locazione con decadenza dal 20/09/2014 al 19/09/2023, con rinnovo tacito per ulteriori nove anni. Il canone di locazione annuo è pari a Euro 120mila.","https://www.google.com/maps/place/Corte+dei+Greci+Resort+%26+Spa/@39.4846467,16.9931538,17z/data=!4m9!3m8!1s0x1340f3c5502f47af:0xfda7ba3551b694d4!5m2!4m1!1i2!8m2!3d39.484065!4d16.9955216!16s%2Fg%2F1tfhvy_w?entry=ttu"
377,Hotel Augustus Terme,4,4,,2024,Q2,4500000.0,124,36290,36000,,,,Sale,Montegrotto Terme,PD,Padova,Veneto,45.327861,11.792906,high,Google place pin,"Hotel Augustus Terme, Viale Stazione, 150, 35036 Montegrotto Terme PD",Bulletin,"L’immobile è stato rilevato per 4,5 milioni di Euro (ca. 36 mila Euro a chiave) da due investitori immobiliari e verrà gestito dal Gruppo domestico Apogia Hotels.","https://www.google.com/maps/place/Hotel+Augustus+Terme,+Viale+Stazione,+150,+35036+Montegrotto+Terme+PD/@45.3278602,11.7926138,132m/data=!3m1!1e3!4m6!3m5!1s0x477ede7ccc56be4f:0x58cb4e4d94d0b15a!8m2!3d45.3278613!4d11.7929064!16s%2Fg%2F11c2fg6d03?entry=ttu"
378,Villa Torre Bianca,5,5,Luxury,2024,Q2,3350000.0,11,304545,305000,,,,Sale,Polignano a Mare,BA,Bari,Puglia,40.920724,17.172375,high,Google place pin,Villa Torre Bianca By Emily Hotels,AdE,Precedentemente noto come Mazzarelli Creative Resort. Onni Group compra da Campanella Antonia (ditta individuale).  Descrizione su The Bulletin 13/05/2024.,"https://www.google.com/maps/place/Villa+Torre+Bianca+By+Emily+Hotels/@40.9206335,17.1716731,242m/data=!3m1!1e3!4m22!1m11!3m10!1s0x1347b63fe2756437:0x381ba725d042d186!2sVilla+Torre+Bianca+By+Emily+Hotels!5m3!1s2024-06-07!4m1!1i2!8m2!3d40.9207236!4d17.1723753!16s%2Fg%2F11c45y58b0!3m9!1s0x1347b63fe2756437:0x381ba725d042d186!5m3!1s2024-06-07!4m1!1i2!8m2!3d40.9207236!4d17.1723753!16s%2Fg%2F11c45y58b0?entry=ttu"
379,Hotel Solea (Ex Hotel Pinamar),3,3,,2024,Q2,1200000.0,16,75000,75000,,,,Auction,Pietrasanta,LU,Lucca,Toscana,43.934232,10.197453,high,Google place pin,Hotel Solea Versilia,Bulletin,"Chiuso dalla pandemia, andato in prima asta a Luglio 2023 con base 2,9 mln €. Si sono susseguite complessivamente 4 aste.","https://www.google.com/maps/place/Hotel+Solea+Versilia/@43.9341223,10.1958118,196m/data=!3m1!1e3!4m6!3m5!1s0x12d5a099e17f58a7:0xeb1da5634417a5e3!8m2!3d43.9342317!4d10.1974526!16s%2Fg%2F11fktzk9g4?entry=ttu"
380,Holiday Beach S.r.l.,3,3,,2022,Q2,1190000.0,47,25319,25000,,,,Sale,Diamante,CS,Cosenza,Calabria,39.725256,15.812636,high,Google place pin,Holiday beach Village,AdE,,"https://www.google.it/maps/place/Holiday+beach+Village/@39.7252482,15.8125608,35m/data=!3m1!1e3!4m9!3m8!1s0x133f02e4c937cc1d:0x64aef9b01291ffbb!5m2!4m1!1i2!8m2!3d39.7252556!4d15.8126357!16s%2Fg%2F11b6hq8rv4?entry=ttu"
381,Hotel Casarossa,4,4,,2022,Q3,3650000.0,182,20055,20000,,,,Sale,Crotone,KR,Crotone,Calabria,39.041932,17.151456,high,Google place pin,Casarossa Hotel & Beauty,AdE,,"https://www.google.it/maps/place/Casarossa+Hotel+%26+Beauty/@39.0425031,17.1516783,281m/data=!3m1!1e3!4m20!1m10!3m9!1s0x13404849e5ea785b:0xbabdec2bbc88ad20!2sCasarossa+Hotel+%26+Beauty!5m2!4m1!1i2!8m2!3d39.0419324!4d17.1514564!16s%2Fg%2F1th46nzz!3m8!1s0x13404849e5ea785b:0xbabdec2bbc88ad20!5m2!4m1!1i2!8m2!3d39.0419324!4d17.1514564!16s%2Fg%2F1th46nzz?entry=ttu"
382,Grand Hotel Bastiani,4,4,,2024,Q2,,48,,,,,,Sale,Grosseto,GR,Grosseto,Toscana,42.759916,11.112585,high,Google place pin,Grand Hotel Bastiani,Bulletin,"Chiuso da Marzo 2020, riaprirà a giugno 2024 a seguito di lavori di ristrutturazione. Buyer and user: Luca e Alberto Mencarelli Seller: Gruppo Carattere Toscano Hotels & Resorts","https://www.google.it/maps/place/Grand+Hotel+Bastiani/@42.7599483,11.1124222,141m/data=!3m1!1e3!4m20!1m10!3m9!1s0x1329b0f763cb562b:0x5089de26c062f98d!2sGrand+Hotel+Bastiani!5m2!4m1!1i2!8m2!3d42.759916!4d11.112585!16s%2Fg%2F121d1t0v!3m8!1s0x1329b0f763cb562b:0x5089de26c062f98d!5m2!4m1!1i2!8m2!3d42.759916!4d11.112585!16s%2Fg%2F121d1t0v?entry=ttu"
383,Hotel Comano Cattoni Holiday,4,4,,2024,Q2,1300000.0,75,17333,17000,,,,Auction,Comano Terme,TN,Trento,Trentino-Alto Adige/Südtirol,46.037871,10.876618,high,Google place pin,Hotel Comano Cattoni Holiday,Bulletin,"Vendita in asta. L'hotel era stato valutato nel 2022 a 3,5 mln €. Buyer: EVO Dolomyte S.r.l. Borrower (fallimento): Ermete S.r.l. (famiglia Cattoni) Prevista ristrutturazione con possibile upgrade","https://www.google.it/maps/place/Hotel+Comano+Cattoni+Holiday/@46.037897,10.8763548,159m/data=!3m1!1e3!4m9!3m8!1s0x47826ba851dcb2d7:0x5198c60b3a2403ae!5m2!4m1!1i2!8m2!3d46.0378711!4d10.8766179!16s%2Fg%2F11f0_djr18?entry=ttu"
384,Crown Plaza Milan Linate,4,4,,2024,Q3,25000000.0,346,72254,72000,,,,Asking Price,San Donato Milanese,MI,Milano,Lombardia,45.42137,9.252621,high,Google place pin,"Crowne Plaza Milan - Linate, an IHG Hotel",CBRE (Basanisi),Processo di vendita in corso,"https://www.google.com/maps/place/Crowne+Plaza+Milan+-+Linate,+an+IHG+Hotel/@45.4213697,9.2526206,17z/data=!3m1!4b1!4m9!3m8!1s0x4786c584dd46dd37:0xa17ed7b90a743af4!5m2!4m1!1i2!8m2!3d45.4213697!4d9.2526206!16s%2Fg%2F1tfrl6br?entry=ttu"
385,Hotel Corte Impero,3,3,,2024,Q2,817500.0,22,37159,37000,,,,Auction,Affi,VR,Verona,Veneto,45.551533,10.771893,high,Google place pin,"Via Pozzo dell'Amore, 35, 37010 Affi VR",Bulletin,"Asta del 24/04/2024 - terza asta (prime due deserte). Valore perizia CTU 1,45 mln €. Codice asta B2275437 https://www.astalegale.net/Aste/Dettaglio/B2275437 Offerta Minima: 817.500 €","https://www.google.com/maps/place/Via+Pozzo+dell'Amore,+35,+37010+Affi+VR/@45.5517558,10.7709896,190m/data=!3m1!1e3!4m6!3m5!1s0x4781f1d6a84dbe99:0xaff8671824026e23!8m2!3d45.5515327!4d10.7718933!16s%2Fg%2F11c87j9jw7?entry=ttu"
386,Hotel Auronzo,4,4,,2024,Q2,1115000.0,50,22300,22000,,,,Auction,Auronzo di Cadore,BL,Belluno,Veneto,46.549613,12.446149,high,Google place pin,"Via Roma, 30, 32041 Auronzo di Cadore BL",Bulletin,"L’hotel era in procedura fallimentare dal 2022. La base d’asta era crollata nei mesi scorsi a 1.115.000 dai 4 mln iniziaili, ma nessuna delle parti ha comunicato la cifra a cui è stata conclusa la transazione.","https://www.google.it/maps/place/Via+Roma,+30,+32041+Auronzo+di+Cadore+BL/@46.5496035,12.4455261,283a,35y,2.44h/data=!3m1!1e3!4m8!3m7!1s0x4779c5ec2f427185:0xabd1ef08a179db7a!5m1!1s2024-06-09!8m2!3d46.5496126!4d12.446149!16s%2Fg%2F11nnkxtr9b?entry=ttu"
387,Hotel Saint Vincent,3,3,,2019,Q2,930000.0,17,54706,55000,,,,Sale,Rosignano Marittimo,LI,Livorno,Toscana,43.402242,10.405811,high,Google place pin,Albergo Saint Vincent,AdE,"In cattivo stato di manutenzione, secondo quanto scritto in atto di COMPRAVENDITA. Oggi CHIUSO.","https://www.google.com/maps/place/Albergo+Saint+Vincent/@43.4022415,10.4058108,17z/data=!3m1!4b1!4m6!3m5!1s0x12d5e490075a7635:0x334c191853e4b5d0!8m2!3d43.4022415!4d10.4058108!16s%2Fg%2F1th84bdm?entry=ttu"
388,Hotel La Scogliera,2,2,,2021,Q1,390000.0,10,39000,39000,,,,Sale,Rosignano Marittimo,LI,Livorno,Toscana,43.400694,10.424028,high,Google place pin,,AdE,Non si capisce se sia ancora attivo o meno.,"https://www.google.com/maps/place/43%C2%B024'02.5%22N+10%C2%B025'26.5%22E/@43.4006426,10.4237298,106m/data=!3m1!1e3!4m4!3m3!8m2!3d43.4006944!4d10.4240278?entry=ttu"
389,Hotel Rosignano,3,3,,2024,Q1,1500000.0,18,83333,83000,,,,Sale,Rosignano Marittimo,LI,Livorno,Toscana,43.392951,10.433732,medium,Google place pin (multiple pins in URL),Hotel Rosignano Sas,AdE,Hotel Rosignano - Tripletta 80-26-601,"https://www.google.com/maps/place/Hotel+Rosignano+Sas/@43.3930052,10.4338366,151m/data=!3m1!1e3!4m18!1m8!3m7!1s0x12d5e4a4a8d908af:0x8e352150e322b381!2sLungomare+Cristoforo+Colombo,+5,+57016+Rosignano+Solvay-Castiglioncello+LI!3b1!8m2!3d43.4002785!4d10.4230846!16s%2Fg%2F11l5cm643h!3m8!1s0x12d5e4a5612fab6b:0x6d3e9a7b56f57e28!5m2!4m1!1i2!8m2!3d43.3929507!4d10.4337324!16s%2Fg%2F113f9bsqm?entry=ttu"
390,Delfino Tuscany Resort,,,,2021,Q3,455000.0,21,21667,22000,,,,Sale,Cecina,LI,Livorno,Toscana,43.319757,10.481414,high,Google place pin,Delfino Tuscany Resort,AdE,Delfino Tuscany Resort - Cecina 12-105-602,"https://www.google.it/maps/place/Delfino+Tuscany+Resort/@43.319757,10.4788391,17z/data=!3m1!4b1!4m9!3m8!1s0x12d5fda5e7a0db47:0xfaf707dc4c9072eb!5m2!4m1!1i2!8m2!3d43.319757!4d10.481414!16s%2Fg%2F11rqzc_51x?entry=ttu"
391,Hotel 25hours Firenze,,,Upscale,2021,Q4,108000000.0,173,624277,624000,4644000.0,,0.043,Sale,Firenze,FI,Firenze,Toscana,43.772713,11.248429,high,Google place pin,25hours Hotel Florence Piazza San Paolino,Eastdil Secured,"Venditore Art-Invest, Acquirente Invesco","https://www.google.it/maps/place/25hours+Hotel+Florence+Piazza+San+Paolino/@43.7727131,11.2458541,17z/data=!4m9!3m8!1s0x132a5764069540ad:0x3746fd18abe0119b!5m2!4m1!1i2!8m2!3d43.7727131!4d11.248429!16s%2Fg%2F11qg9vfn7r?entry=ttu"
392,Hotel Midas,4,4,Upscale,2023,Q1,21800000.0,349,62464,62000,,,,Sale,Roma,RM,Roma,Lazio,41.888156,12.402516,high,Google place pin,Hotel Midas Roma,Colliers,Buyer Zeitgeist AM,"https://www.google.it/maps/place/Hotel+Midas+Roma/@41.8881562,12.3999415,17z/data=!3m1!4b1!4m9!3m8!1s0x132f5f9aba5f8347:0xb1c5444f103218ef!5m2!4m1!1i2!8m2!3d41.8881562!4d12.4025164!16s%2Fg%2F1thv231m?entry=ttu"
393,Midas Palace Hotel,4,4,Upscale,2024,Q2,60000000.0,349,171920,172000,,,,Sale,Roma,RM,Roma,Lazio,41.888156,12.402516,high,Google place pin,Hotel Midas Roma,Colliers,Buyer Barcelò,"https://www.google.it/maps/place/Hotel+Midas+Roma/@41.8881562,12.3999415,17z/data=!3m1!4b1!4m9!3m8!1s0x132f5f9aba5f8347:0xb1c5444f103218ef!5m2!4m1!1i2!8m2!3d41.8881562!4d12.4025164!16s%2Fg%2F1thv231m?entry=ttu"
394,NH dei Dogi,5,5,,2020,Q3,47600000.0,64,743750,744000,,,,Sale,Venezia,VE,Venezia,Veneto,45.446729,12.331022,high,Google place pin,NH Collection Venezia Grand Hotel Palazzo dei Dogi,Hodges Ward Elliott,"Buyer Covivio Hotels , Seller Varde Partners","https://www.google.it/maps/place/NH+Collection+Venezia+Grand+Hotel+Palazzo+dei+Dogi/@45.446729,12.3284471,17z/data=!3m1!4b1!4m9!3m8!1s0x477eb1e9b7e09277:0xce47f34976b6d493!5m2!4m1!1i2!8m2!3d45.446729!4d12.331022!16s%2Fg%2F1yg6npyhq?entry=ttu"
395,Novotel Roma Eur,4,4,,2024,,17500000.0,116,150862,151000,,,,,Roma,RM,Roma,Lazio,41.821595,12.458265,high,Google place pin,Novotel Roma Eur,,,"https://www.google.it/maps/place/Novotel+Roma+Eur/@41.8215953,12.4556906,17z/data=!3m1!4b1!4m9!3m8!1s0x13258b2419406c75:0xc191627dc3556328!5m2!4m1!1i2!8m2!3d41.8215953!4d12.4582655!16s%2Fg%2F1pty9382f?entry=ttu"
396,Grand Hotel Elite,4,4,,2023,,9200000.0,106,86792,87000,,,,,Bologna,BO,Bologna,Emilia-Romagna,44.501623,11.320269,high,Google place pin,Grand Hotel Elite,JLL,Chiuso permanentemente,"https://www.google.it/maps/place/Grand+Hotel+Elite/@44.5016225,11.3176945,17z/data=!3m1!4b1!4m6!3m5!1s0x477fd462c3e8c467:0x6a58e2d806be7fc7!8m2!3d44.5016225!4d11.3202694!16s%2Fg%2F1tkrkn5k?entry=ttu"
397,Future CitizenM,4,4,,2020,,29000000.0,160,181250,181250,,,,Sale,Roma,RM,Roma,Lazio,41.892035,12.475846,high,Google place pin,citizenM Hotel Rome Isola Tiberina,JLL,,"https://www.google.it/maps/place/citizenM+Hotel+Rome+Isola+Tiberina/@41.8920354,12.4732712,17z/data=!3m1!4b1!4m9!3m8!1s0x132f61fc7a147f15:0xfb36113f265cd744!5m2!4m1!1i2!8m2!3d41.8920354!4d12.4758461!16s%2Fg%2F11v3n23jfz?entry=ttu"
398,Hotel Londra,4,4,,2020,,22000000.0,166,132530,132530,,,,,Firenze,FI,Firenze,Toscana,43.778156,11.244398,high,Google place pin,Hotel Londra,JLL,Chiuso permanentemente,"https://www.google.it/maps/place/Hotel+Londra/@43.7781545,11.225944,15z/data=!3m1!4b1!4m9!3m8!1s0x132a67e1eba0893b:0x836bf6e59866b255!5m2!4m1!1i2!8m2!3d43.778156!4d11.244398!16s%2Fg%2F1vl5d00w?entry=ttu"
399,Park Hotel Des Dolomites,3,3,,2024,Q2,10000000.0,58,172414,172000,,,,Sale,,,,,,,nan,nan,,Bulletin,"Gestito in affitto da maggio del 2022 da TH Resorts. Con la nuova proprietà (Alicom), la gestione della struttura resterà nelle mani di TH Resorts.",https://www.google.it/maps/place//data=!4m2!3m1!1s0x4779b4fc8b7c8ae1:0xa1319e4a45d91286?sa=X&ved=1t:8290&ictx=111
400,Park Hotel Le Fonti,4,4,,2024,Q2,1700000.0,67,25373,25000,,,,Auction,Volterra,PI,Pisa,Toscana,43.39791,10.860729,high,Google place pin,Park Hotel le Fonti,Bulletin,"Prima volta all'asta nell'ottobre 2023 (tentativo andato deserto), quando il prezzo ammontava a 2,5 milioni. Secondo tentativo (anche questo deserto) a febbraio 2024, quando il prezzo ammontava a 2 milioni. Il terzo tentativo, decisivo, si è concluso a 1,7 milioni.","https://www.google.it/maps/place/Park+Hotel+le+Fonti/@43.3979103,10.858154,17z/data=!3m1!4b1!4m6!3m5!1s0x132a1a4f6b716d1d:0x4b2bcd4e4e094b34!8m2!3d43.3979103!4d10.8607289!16s%2Fg%2F1thpyz3q?entry=ttu"
401,Hotel La Terrazza,2,2,,2019,Q2,825000.0,10,82500,82500,,,,Sale,Belgirate,VB,Verbano-Cusio-Ossola,Piemonte,45.838957,8.572512,high,Google place pin (multiple pins in URL),Albergo Ristorante La Terrazza,AdE,"Completo recupero conservativo, come richiesto dalla Soprintendenza, per villa De Fichard-Franzoi, l’immobile ottocentesco di via Mazzini a Belgirate che sarà trasformato in un “boutique hotel”. I lavori del sito inizieranno a breve, forse a febbraio, le autorizzazioni ci sono già.  Il progetto, va detto, è di un imprenditore bulgaro, Ceo di una holding di investimenti in Svizzera. Si apprende che verrà riqualificato anche l’edificio attiguo, in origine parte della villa. Si tratta dell’ex ristorante La Terrazza, chiuso da quattro anni. Il nuovo albergo, secondo quanto appreso, dovrebbe essere dotato di dieci alloggi di lusso, di ristorante e di un bistrot, con veranda sul lago.  Il cantiere dovrebbe durare circa un anno e mezzo, salvo imprevisti. Saranno anche riqualificati giardino d’inverno retrostante e parco. Un progetto, così molti pensano a Belgirate, dalle forti valenze turistiche-commerciali. Per la sindaca Flavia Filippi, un’iniziativa di qualità di cui la città ha bisogno.","https://www.google.com/maps/place/Albergo+Ristorante+La+Terrazza/@45.8389534,8.5726409,3a,75y,290.65h,111.44t/data=!3m7!1e1!3m5!1saBsc53fhwGaFLrSoXuRZtA!2e0!6shttps:%2F%2Fstreetviewpixels-pa.googleapis.com%2Fv1%2Fthumbnail%3Fpanoid%3DaBsc53fhwGaFLrSoXuRZtA%26cb_client%3Dmaps_sv.share%26w%3D900%26h%3D600%26yaw%3D290.6484812689601%26pitch%3D-21.441945029599452%26thumbfov%3D90!7i16384!8i8192!4m14!1m7!3m6!1s0x47867691f7ca7661:0xb1f2b47d25625df2!2sImbarcadero+di+Belgirate!8m2!3d45.8389217!4d8.5731238!16s%2Fg%2F11f3vqh6pz!3m5!1s0x47867691ef015555:0x756e024862b37cf!8m2!3d45.8389569!4d8.5725124!16s%2Fg%2F11fsn2y4my?coh=205410&entry=ttu"
402,Hotel La Ripa,3,3,,2021,Q4,2100000.0,10,210000,210000,,,,Sale,Baveno,VB,Verbano-Cusio-Ossola,Piemonte,45.903752,8.508098,medium,Google place pin (multiple pins in URL),La Ripa,AdE,,"https://www.google.com/maps/place/La+Ripa/@45.9039351,8.50669,280m/data=!3m1!1e3!4m18!1m8!3m7!1s0x4785df92b5230d49:0xe31a1f74f7dc2544!2sVia+Milnese,+28831+Baveno+VB!3b1!8m2!3d45.9029624!4d8.5054738!16s%2Fg%2F1tltl73d!3m8!1s0x4785e067ba8a6857:0xc67f921daec54ac0!5m2!4m1!1i2!8m2!3d45.9037521!4d8.5080984!16s%2Fg%2F1wfvljcc?entry=ttu"
403,Hotel Ai Reali & Ai Cavalieri,4,4,,2024,Q2,59000000.0,69,855072,855072,,,,Sale,Venezia,VE,Venezia,Veneto,45.437079,12.337786,medium,Google place pin (multiple pins in URL),Hotel Ai Reali,Bulletin,Trattasi di due diversi hotel (Ai Reali & Ai Cavalieri) venduti alla catena spagnola H10 Hotels per una complessiva cifra di 59mln.,"https://www.google.it/maps/place/Hotel+Ai+Reali/@45.4370793,12.3352115,16z/data=!3m2!4b1!5s0x477eb1d9821cebc5:0xcae445544ada60ad!4m9!3m8!1s0x477eb1d9840a6819:0x96f2e35482e6541e!5m2!4m1!1i2!8m2!3d45.4370793!4d12.3377864!16s%2Fg%2F11xbc19ry?entry=ttu   https://www.google.it/maps/place/Hotel+Ai+Cavalieri/@45.4384467,12.3375845,16z/data=!3m1!4b1!4m11!3m10!1s0x477eb1d6aba21d09:0x7b757591d5539526!5m4!1s2024-09-03!2i2!4m1!1i2!8m2!3d45.4384467!4d12.3401594!16s%2Fg%2F11b73jd4m5?entry=ttu"
404,Hilton Garden Inn Venice Mestre,4,4,,2024,Q2,20000000.0,136,147059,147059,,,,Sale,Venezia,VE,Venezia,Veneto,45.480001,12.270112,high,Google place pin,Hilton Garden Inn Venice Mestre San Giuliano,internal file,Gruppo della frera compra il 100% delle quote di Venezia Capitol SPA. Nell'atto è riportato un prezzo provvisorio di  7.804.927 € che può essere variato in aumento in base ad accordi tra le parti non meglio specificati,"https://www.google.it/maps/place/Hilton+Garden+Inn+Venice+Mestre+San+Giuliano/@45.480001,12.2675375,16z/data=!3m1!4b1!4m9!3m8!1s0x477eb3fa11ca9fbd:0x9664a4d741cea3bf!5m2!4m1!1i2!8m2!3d45.480001!4d12.2701124!16s%2Fg%2F124yfc264?entry=ttu"
405,Color Punta Nord Family Village,4,4,,2024,Q3,3000000.0,138,21739,21739,,,,Auction,Rimini,RN,Rimini,Emilia-Romagna,44.112569,12.504102,high,Google place pin,Color Punta Nord Family Village,"https://www.chiamamicitta.it/torre-pedrera-lhotel-punta-nord-un-colosso-da-nove-piani-e-due-piscine-venduto-allasta-per-3milioni-di-euro/#:~:text=L'hotel%20Punta%20Nord%20di,4%2C6%20milioni%20di%20euro.","necessari circa 2,5 M di capex","https://www.google.com/maps/place/Color+Punta+Nord+Family+Village/@44.112569,12.4992315,17z/data=!3m1!4b1!4m9!3m8!1s0x132cc6ec66bb31f3:0x6e4ef6c93b61ad63!5m2!4m1!1i2!8m2!3d44.1125691!4d12.5041024!16s%2Fg%2F1tdgxjq2?entry=ttu"
406,Park Hotel Chianti,4,4,,2024,Q3,906000.0,43,21070,21070,,,,Sale,Barberino Tavarnelle,FI,Firenze,Toscana,43.593536,11.1974,high,Google place pin,Park Hotel Chianti,Bulletin,"ParkHotelChianti ,4* da 43 chiavi localizzato a Barberino Tavarnelle (FI)è stato acquisito per un valore di 906 mila Euro: il consiglio di amministrazione della società SOGES ha deliberato di esercitare il diritto di acquisto presente nel contratto di locazione sottoscritto a dicembre 2022. Il closing dell’ operazione è previsto entro il prossimo 31 luglio, salvo eventuali proroghe concordate tra le parti.","https://www.google.com/maps/place/Park+Hotel+Chianti/@43.5935363,11.1948197,17z/data=!3m1!4b1!4m9!3m8!1s0x132a48fab323849b:0xc2f4ae7cfc07404e!5m2!4m1!1i2!8m2!3d43.5935363!4d11.1974!16s%2Fg%2F1wnzbyhm?entry=ttu"
407,Hotel Borgo di Cortefreda,4,4,,2024,Q3,4600000.0,55,83636,83636,,,,Sale,Barberino Tavarnelle,FI,Firenze,Toscana,43.552933,11.173212,high,Google place pin,Hotel Borgo di Cortefreda,internal file,Intesa Sanpaolo compra l'immobile al solo ed esclusivo scopo di concederlo in locazione finanziaria a SOGES GROUP S.p.A.,"https://www.google.com/maps/place/Hotel+Borgo+di+Cortefreda/@43.5547274,11.17401,792m/data=!3m2!1e3!5s0x132a481cab9f19ff:0xc8aade41f5612235!4m9!3m8!1s0x132a481b51908b67:0xd8b0b898fff29218!5m2!4m1!1i2!8m2!3d43.5529327!4d11.173212!16s%2Fg%2F1tcttsqq?entry=ttu"
408,Holiday INN Genoa City,4,4,,2024,Q1,10000000.0,134,74627,74627,957992.0,7149.194029850746,0.0957992,Sale,Genova,GE,Genova,Liguria,44.411948,8.908101,high,Google place pin (multiple pins in URL),"Holiday Inn Genoa City, an IHG Hotel",internal file,"Fabrica immobiliare SGR vende a Monte dei Paschi che concede leasing a TAMFIN.  Occupancy 2022 - 84,90% Total Rev 4278751,56 €","https://www.google.it/maps/place/Holiday+Inn+Genoa+City,+an+IHG+Hotel/@44.4118709,8.9081986,122m/data=!3m2!1e3!5s0x12d34143d473c4f5:0xa79263d70de06dfb!4m16!1m5!3m4!2zNDTCsDI0JzQzLjAiTiA4wrA1NCcyOS4yIkU!8m2!3d44.4119482!4d8.9081013!3m9!1s0x12d34143da334cc9:0x73f720c7f67bd258!5m2!4m1!1i2!8m2!3d44.4118296!4d8.9085965!10e1!16s%2Fg%2F1vfpsz1l?entry=ttu"
409,Hotel Villa Diodoro,4,4,,2024,Q3,40000000.0,102,392157,392157,,,,Sale,Taormina,ME,Messina,Sicilia,37.850293,15.291395,high,Google place pin,Hotel Villa Diodoro,Bulletin,Vedi THE BULLETIN 29/07/2024 per le performance,"https://www.google.com/maps/place/Hotel+Villa+Diodoro/@37.8503614,15.2912425,136m/data=!3m2!1e3!5s0x13141198f25c9e69:0xb56f7da6fe15e83f!4m9!3m8!1s0x13141198a22a5407:0x9409148324e2a930!5m2!4m1!1i2!8m2!3d37.8502934!4d15.2913953!16s%2Fg%2F1tdxy3lw?entry=ttu"
410,Hotel Des Bains Thermae Resort,4,4,,2022,Q3,1300000.0,100,13000,13000,,,,Sale,Montegrotto Terme,PD,Padova,Veneto,45.32427,11.800168,high,Google place pin,Hotel Des Bains Thermae Resort,internal file,Parte venditrice: Kryalos Parte Acquirente: Bequadro S.r.l.,"https://www.google.com/maps/place/Hotel+Des+Bains+Thermae+Resort/@45.324274,11.7975932,764m/data=!3m2!1e3!4b1!4m9!3m8!1s0x477ede7eb6c53777:0xa1003514ef496057!5m2!4m1!1i2!8m2!3d45.3242703!4d11.8001681!16s%2Fg%2F1tkl24t4?entry=ttu"
411,Santa Caterina Park Hotel,3,3,,2024,Q1,1350000.0,88,15341,15341,,,,Sale,Sarzana,SP,La Spezia,Liguria,44.122647,9.944883,high,Google place pin,Santa Caterina Park Hotel,AdE,,"https://www.google.com/maps/place/Santa+Caterina+Park+Hotel/@44.1227687,9.9441478,338m/data=!3m1!1e3!4m9!3m8!1s0x12d51d29a3e8c2f9:0xcf98d3b61a6a5e5b!5m2!4m1!1i2!8m2!3d44.1226472!4d9.9448834!16s%2Fg%2F1w6045fj?entry=ttu"
412,Hotel Rege,4,4,,2024,Q3,4900000.0,112,43750,43750,,,,Auction,San Donato Milanese,MI,Milano,Lombardia,45.432798,9.264813,high,Google place pin,,Aggiornamento da Prelios a Francesco M.,TBD,"https://www.google.it/maps/place/45%C2%B025'58.1%22N+9%C2%B015'53.3%22E/@45.4312033,9.2645769,191a,35y,357.66h,45.86t/data=!3m1!1e3!4m4!3m3!8m2!3d45.4327983!4d9.264813?entry=ttu"
413,Club Med Kamarina Resort,3,3,,2024,Q3,120000000.0,636,188679,188679,,,,NPL Transaction,Ragusa,RG,Ragusa,Sicilia,36.850578,14.451876,high,Google place pin,Kamarina Resort,Bulletin,Buyer: Fondo Arrow + Gruppo Mangia's Acquisto del credito e successiva escussione della garanzia,"https://www.google.com/maps/place/Kamarina+Resort/@36.850578,14.4518763,870m/data=!3m2!1e3!4b1!4m9!3m8!1s0x1311b0b8e27e9747:0x4178ffcbd4e4398!5m2!4m1!1i2!8m2!3d36.850578!4d14.4518763!16s%2Fg%2F1q5gqqnsr?entry=ttu&g_ep=EgoyMDI0MDgyMS4wIKXMDSoASAFQAw%3D%3D"
414,Club Hotel Angelini,3,3,,2024,Q3,1475328.0,150,9836,9836,,,,Auction,Bellaria-Igea Marina,RN,Rimini,Emilia-Romagna,44.154123,12.457853,high,Google place pin,Club Hotel Angelini,Bulletin,"La nuova proprietà dovrà regolarizzare la situazione (mancanza di requisiti antincendio). La struttura sarà trasformata in un ""familiy hotel"" e riaprirà nel 2025.","https://www.google.it/maps/place/Club+Hotel+Angelini/@44.1541233,12.4552777,16z/data=!3m1!4b1!4m9!3m8!1s0x132cc7ebd644343f:0x9fece1b29f09bd9b!5m2!4m1!1i2!8m2!3d44.1541233!4d12.4578526!16s%2Fg%2F1thwlyb9?entry=ttu&g_ep=EgoyMDI0MDgyOC4wIKXMDSoASAFQAw%3D%3D"
415,Hotel Villa Diodoro + Residence Villa Giulia,4,4,,2024,Q3,36000000.0,108,333333,333333,,,,Sale,Taormina,ME,Messina,Sicilia,37.850293,15.291395,high,Google place pin,Hotel Villa Diodoro,internal file,"Arsenale S.p.A., società riconducibile all’imprenditore Paolo Barletta, ha recentemente rilevato l’Hotel Villa Diodoro, 4* da 102 chiavi, localizzato a Taormina (ME), con un’operazione che si aggira intorno a 40 milioni di Euro. Gli obiettivi di Arsenale sarebbero quelli di ristrutturare l’hotel, probabilmente per riposizionarlo nel segmento 5 stelle.","https://www.google.com/maps/place/Hotel+Villa+Diodoro/@37.8502239,15.2910275,262m/data=!3m2!1e3!5s0x13141198f25c9e69:0xb56f7da6fe15e83f!4m9!3m8!1s0x13141198a22a5407:0x9409148324e2a930!5m2!4m1!1i2!8m2!3d37.8502934!4d15.2913953!16s%2Fg%2F1tdxy3lw?entry=ttu&g_ep=EgoyMDI0MDkwMy4wIKXMDSoASAFQAw%3D%3D"
416,Hotel Vesuvian Inn,3,3,,2024,Q3,2615000.0,90,29056,29056,,,,Auction,Castellammare di Stabia,NA,Napoli,Campania,40.693808,14.484361,high,Google place pin,Vesuvian Inn,Bulletin,"Lastruttura,di proprietà della Famiglia Spagnuolo, è stata venduta in asta ad una società di Roma e dovrà mantenere una destinazione esclusivamente turistico ricettiva.","https://www.google.de/maps/place/Vesuvian+Inn/@40.6938118,14.4794901,629m/data=!3m3!1e3!4b1!5s0x133bbd5aaeaa46f9:0xbcb1a88bd6218e42!4m9!3m8!1s0x133bbd4f57793fdb:0xd4687410f881968f!5m2!4m1!1i2!8m2!3d40.6938078!4d14.484361!16s%2Fg%2F1tdj6_3y?entry=ttu&g_ep=EgoyMDI0MDkwNC4wIKXMDSoASAFQAw%3D%3D"
417,Hotel Villa Diodoro,4,4,,2024,Q3,85000000.0,102,833333,833333,,,,Sale,Taormina,ME,Messina,Sicilia,37.850293,15.291395,high,Google place pin,Hotel Villa Diodoro,Bulletin,"Acquistato da Barletta Group. Il prezzo totale include anche i lavori di ristrutturazione futuri. Barletta Group prevede di riposizionare l'hotel come un cinque stelle lusso, riducendo le camere del 30% (da 102 a 72).","https://www.google.it/maps/place/Hotel+Villa+Diodoro/@37.8502934,15.2888204,17z/data=!3m2!4b1!5s0x13141198f25c9e69:0xb56f7da6fe15e83f!4m9!3m8!1s0x13141198a22a5407:0x9409148324e2a930!5m2!4m1!1i2!8m2!3d37.8502934!4d15.2913953!16s%2Fg%2F1tdxy3lw?entry=ttu&g_ep=EgoyMDI0MDkxMS4wIKXMDSoASAFQAw%3D%3D"
418,Relais Castelluccio Palusse,3,3,,2023,Q3,1630000.0,8,203750,203750,,,,Sale,Città della Pieve,PG,Perugia,Umbria,42.960834,12.001055,high,Google place pin (multiple pins in URL),Relais Castelluccio Palusse,AdE,"8 suite + centro benessere, castello d'epoca","https://www.google.com/maps/place/Relais+Castelluccio+Palusse/@42.9605103,12.0008562,128m/data=!3m1!1e3!4m19!1m8!3m7!1s0x13294c37aa7b4d47:0x58f13e732e68b565!2sVocabolo+Castelluccio,+06062+Citt%C3%A0+della+Pieve+PG!3b1!8m2!3d42.9598292!4d12.0005487!16s%2Fg%2F12lljl_s2!3m9!1s0x13294c365cadf743:0xb5c3d8ca01de44de!5m3!1s2024-10-09!4m1!1i2!8m2!3d42.9608336!4d12.0010552!16s%2Fg%2F1vl915y7?entry=ttu&g_ep=EgoyMDI0MDkxOC4xIKXMDSoASAFQAw%3D%3D"
419,Borgo dei Sette Tigli,,agr,,2020,Q1,1500000.0,7,214286,214286,,,,Sale,Montepulciano,SI,Siena,Toscana,43.133433,11.800453,high,Google place pin,BORGO DEI SETTE TIGLI,AdE,7 appartamenti,"https://www.google.com/maps/place/BORGO+DEI+SETTE+TIGLI/@43.131905,11.8004849,203a,35y,8.34h,39.39t/data=!3m1!1e3!4m6!3m5!1s0x1329592b0dea897d:0x3cb10d7b31f8641c!8m2!3d43.1334328!4d11.800453!16s%2Fg%2F1tgfsvyr?entry=ttu&g_ep=EgoyMDI0MDkxOC4xIKXMDSoASAFQAw%3D%3D"
420,B&B Hotel Sassuolo,3,3,,2022,Q4,3600000.0,59,61017,61017,250010.0,4237.457627118644,0.06944722222222222,Sale,Sassuolo,MO,Modena,Emilia-Romagna,44.549533,10.796171,high,Google place pin,B&B Hotel Sassuolo,AdE,"Bayview, tramite SANSA SPV, compra da Sassuolo S.r.l. Canone minimo garantito (18% dei ricavi gestionali). Il contratto prevede un diritto di  condizione sospensiva, cui è stata fatta formale rinuncia).","https://www.google.com/maps/place/B%26B+Hotel+Sassuolo/@44.5495623,10.7961775,117a,35y,303.75h/data=!3m1!1e3!4m10!3m9!1s0x477ffc968de24565:0x2aaf723824a78dbc!5m3!1s2024-10-01!4m1!1i2!8m2!3d44.549533!4d10.7961707!16s%2Fg%2F1tlc_0fp?entry=ttu&g_ep=EgoyMDI0MDkyMy4wIKXMDSoASAFQAw%3D%3D"
421,Hotel del Parco,3,3,,2023,Q4,1520000.0,12,126667,126667,,,,Sale,Sesto Calende,VA,Varese,Lombardia,45.72271,8.647346,high,Google place pin,Hotel del Parco,,,"https://www.google.it/maps/place/Hotel+del+Parco/@45.7217252,8.645423,16z/data=!4m21!1m11!3m10!1s0x47866531c1538b01:0x863b7bcee171d2f8!2sHotel+del+Parco!5m2!4m1!1i2!8m2!3d45.7227096!4d8.6473455!10e5!16s%2Fg%2F1tfb5fsl!3m8!1s0x47866531c1538b01:0x863b7bcee171d2f8!5m2!4m1!1i2!8m2!3d45.7227096!4d8.6473455!16s%2Fg%2F1tfb5fsl?entry=ttu&g_ep=EgoyMDI0MTAwMi4xIKXMDSoASAFQAw%3D%3D"
422,Abbadia Wine Relais,,agr,,2023,Q2,2550000.0,5,510000,510000,,,,Sale,Torrita di Siena,SI,Siena,Toscana,43.131336,11.743558,medium,Google place pin (multiple pins in URL),53049 Montefollonico SI,internal file,"5 camere, compresi 26,339 ha + 1,602 ha","https://www.google.it/maps/place/43%C2%B007'52.8%22N+11%C2%B044'36.8%22E/@43.1313379,11.7422786,394m/data=!3m2!1e3!4b1!4m13!1m8!3m7!1s0x13295e67080bf981:0xb95df3d968d474f1!2s53049+Montefollonico+SI!3b1!8m2!3d43.12563!4d11.7423663!16s%2Fg%2F122nnzn5!3m3!8m2!3d43.131336!4d11.743558?entry=ttu&g_ep=EgoyMDI0MTAxMy4wIKXMDSoASAFQAw%3D%3D"
423,Locanda in Tuscany,4,4,,2021,Q1,1600000.0,9,177778,177778,,,,Sale,Castiglione d'Orcia,SI,Siena,Toscana,43.004483,11.695973,medium,Google place pin (multiple pins in URL),Locanda in Tuscany,internal file,"9 camere, compravendita per diritto di opzione all'interno di contratto di Godimento di Beni di Terzi.","https://www.google.it/maps/place/Locanda+in+Tuscany/@43.0044704,11.6972923,512m/data=!3m1!1e3!4m18!1m8!3m7!1s0x1329684a990c6531:0xf3cd25597b759834!2sVia+del+Colombaio,+53023+Gallina+SI!3b1!8m2!3d43.0035661!4d11.6849786!16s%2Fg%2F1w9354fp!3m8!1s0x1329682e04f949b7:0xaf47a981e4b5bc8a!5m2!4m1!1i2!8m2!3d43.0044832!4d11.6959727!16s%2Fg%2F11bx55yzm2?entry=ttu&g_ep=EgoyMDI0MTAxMy4wIKXMDSoASAFQAw%3D%3D"
424,Grand Hotel Imperiale,5,5,,2024,Q4,43000000.0,46,934783,934783,,,,Sale,Forte dei Marmi,LU,Lucca,Toscana,43.961015,10.167536,high,Google place pin,Grand Hotel Imperiale,internal file,"L’hotel è passato di mano dal family office russo Luxury Hotel Development a Mohamed Ali Alabbar, fondatore e presidente di Emaar Properties, società di real estate degli Emirati Arabi che ha sviluppato progetti come il Burj Khalifa e il Dubai Mall. Ricordiamo che l’hotel era stato già venduto nel 2021 per 35 milioni di Euro a Luxury Hotel Development, che ne aveva affidato la gestione a Panoram Hotel Management.","https://www.google.com/maps/place/Grand+Hotel+Imperiale/@43.9598228,10.1647308,337m/data=!3m1!1e3!4m14!1m2!2m1!1sGrand+Hotel+Imperiale+forte+dei+marmi!3m10!1s0x12d509f4313e63d7:0x15210f220e13790!5m3!1s2024-10-24!4m1!1i2!8m2!3d43.9610152!4d10.1675358!15sCiVHcmFuZCBIb3RlbCBJbXBlcmlhbGUgZm9ydGUgZGVpIG1hcm1pWiciJWdyYW5kIGhvdGVsIGltcGVyaWFsZSBmb3J0ZSBkZWkgbWFybWmSAQVob3RlbOABAA!16s%2Fg%2F1w02gvkn?entry=ttu&g_ep=EgoyMDI0MTAyMS4xIKXMDSoASAFQAw%3D%3D"
425,Charme Hotel Villa Tina,3,3,,2024,Q1,1600000.0,38,42105,42105,,,,Sale,Ischia,NA,Napoli,Campania,40.738423,13.941799,high,Google place pin,The Hotel Villa Tina Ischia Charming Hotel,internal file,Bertoro Hotels compra da Taglialatela,"https://www.google.com/maps/place/The+Hotel+Villa+Tina+Ischia+Charming+Hotel/@40.7383807,13.9415132,164m/data=!3m1!1e3!4m9!3m8!1s0x133b6ac69367028b:0x981fb2c5a0b3aa27!5m2!4m1!1i2!8m2!3d40.738423!4d13.941799!16s%2Fg%2F1thszqrh?entry=ttu&g_ep=EgoyMDI0MTAyNy4wIKXMDSoASAFQAw%3D%3D"
426,Bauer Hotel,5,5,Luxury,2024,Q4,300000000.0,191,1570681,1571000,,,,Sale,Venezia,VE,Venezia,Veneto,45.432954,12.335748,high,Google place pin,Hotel Bauer Palazzo,Bulletin,"Mohari Hospitality e Omnam Investment Group,nell’ambito della loro partnership strategica, hanno rilevato l’Hotel Bauer d iVenezia. Si tratta dell’ ottavo progetto di Omnam Investment Group in Italia .Secondo quanto riportato da alcuni quotidiani locali l’operazione si aggirerebbe intorno ai 300 milioni di euro.","https://www.google.com/maps/place/Hotel+Bauer+Palazzo/@45.4329573,12.3335595,17z/data=!3m1!4b1!4m9!3m8!1s0x477eae2a9dd275f9:0xee8c18fa2a97bbee!5m3!1s2020-05-22!4m1!1i2!8m2!3d45.4329536!4d12.3357482"
427,Hotel Rege,4,4,,2024,Q4,4957777.0,112,44266,44000,,,,Auction,San Donato Milanese,MI,Milano,Lombardia,45.43279,9.264889,high,Google place pin,Rege Hotel,internal file,"AN Hotels ha recentemente annunciato l’ultima new entry del Gruppo, il Rege Hotel di San Donato Milanese. L’hotel, che si sviluppa su 6 piani, dispone di oltre 100 chiavi e sarà sottoposto a totale ristrutturazione","https://www.google.com/maps/place/Rege+Hotel/@45.4321673,9.2628638,436m/data=!3m1!1e3!4m10!1m2!2m1!1srege+hotel+san+donato!3m6!1s0x4786c5f53ab8e6b5:0x2bc865c548acd48c!8m2!3d45.43279!4d9.264889!15sChVyZWdlIGhvdGVsIHNhbiBkb25hdG9aFyIVcmVnZSBob3RlbCBzYW4gZG9uYXRvkgEFaG90ZWzgAQA!16s%2Fg%2F1tf7q_x6?entry=ttu&g_ep=EgoyMDI0MTIwOC4wIKXMDSoASAFQAw%3D%3D"
428,The Unique Hotel Brera Milano,4,4,,2024,Q4,2600000.0,14,185714,186000,,,,Sale,Milano,MI,Milano,Lombardia,45.470815,9.18383,high,Google place pin,The Unique Hotel,Bullettin,"Leonardo Maria del Vecchio, attraverso la holding Lmdv Capital, ha rilevato il 100% di Garibaldi 22 S.r.l., proprietaria dell’immobile che ospita l’hotel.","https://www.google.com/maps/place/The+Unique+Hotel/@45.4708176,9.1831628,76m/data=!3m1!1e3!4m13!1m2!2m1!1sThe+Unique+Hotel+Brera+Milano!3m9!1s0x4786c14ce5a8c01f:0xcea15e100897d299!5m2!4m1!1i2!8m2!3d45.470815!4d9.18383!15sCh1UaGUgVW5pcXVlIEhvdGVsIEJyZXJhIE1pbGFub1ofIh10aGUgdW5pcXVlIGhvdGVsIGJyZXJhIG1pbGFub5IBBWhvdGVsmgEjQ2haRFNVaE5NRzluUzBWSlEwRm5TVVI2T1RWeGRWaDNFQUXgAQD6AQQIORBJ!16s%2Fg%2F11vsnwtqmm?entry=ttu&g_ep=EgoyMDI0MTIxMS4wIKXMDSoASAFQAw%3D%3D"
429,Hotel la Pace,3,3,,2024,Q4,2500000.0,63,39683,40000,,,,Sale,Pisa,PI,Pisa,Toscana,43.709804,10.398574,high,Google place pin,"Viale Antonio Gramsci, 4, 56125 Pisa PI",Bulletin,"L’hotel è stato venduto dalla Famiglia Romanelli ad una società che ha appena rilevato altre attività a Cortina d’Ampezzo e a Forte dei Marmi, che ha affidato la gestione al Gruppo capitolino BZAR Hotels","https://www.google.it/maps/place/Viale+Antonio+Gramsci,+4,+56125+Pisa+PI/@43.709836,10.3977181,152m/data=!3m1!1e3!4m6!3m5!1s0x12d5919cf5fb9ce3:0xe45f324690ada720!8m2!3d43.709804!4d10.3985742!16s%2Fg%2F11sjdcqvsv?entry=ttu&g_ep=EgoyMDI0MTIxMS4wIKXMDSoJLDEwMjExMjMzSAFQAw%3D%3D"
430,Hotel Rivalta,4,4,,2024,Q4,4670000.0,67,69701,70000,,,,Sale,Firenze,FI,Firenze,Toscana,43.76989,11.250198,high,Google place pin,"Lungarno Corsini, 2, 50123 Firenze FI",https://hotellerie.pambianconews.com/2024/12/03/altro-colpo-di-soges-acquisita-la-societa-hotel-britannia-di-firenze/,,"https://www.google.it/maps/place/Lungarno+Corsini,+2,+50123+Firenze+FI/@43.769979,11.2491895,473m/data=!3m1!1e3!4m6!3m5!1s0x132a56aae5566cf5:0xf125a555149bb62e!8m2!3d43.7698899!4d11.250198!16s%2Fg%2F11b8v5v73y?entry=ttu&g_ep=EgoyMDI0MTIxMS4wIKXMDSoJLDEwMjExMjMzSAFQAw%3D%3D"
431,Park Hotel Obelisco,,,,2022,Q3,2145000.0,100,21450,21000,,,,Sale,Trieste,TS,Trieste,Friuli-Venezia Giulia,45.681109,13.782685,high,Google place pin,Park Hotel Obelisco di Opicina,https://www.hoteldomani.it/acquistato-alla-asta-lo-storico-park-hotel-obelisco-di-trieste/,"Chiuso nel 1985, abbandonato","https://www.google.it/maps/place/Park+Hotel+Obelisco+di+Opicina/@45.6811127,13.7801101,458m/data=!3m2!1e3!4b1!4m6!3m5!1s0x477b15525e6ede43:0xa5c6c11f805ff10f!8m2!3d45.681109!4d13.782685!16s%2Fg%2F11qh19hzl7?entry=ttu&g_ep=EgoyMDI0MTIxMS4wIKXMDSoJLDEwMjExMjMzSAFQAw%3D%3D"
432,JW Marriott Venice,5,5,Luxury,2024,Q4,140000000.0,266,526316,526000,,,,Sale,Venezia,VE,Venezia,Veneto,45.405216,12.31961,high,Google place pin,JW Marriott Venice Resort & Spa,Green Street News,"KSL Capital Partners, sostenuta dal fondo sovrano di Singapore GIC, ha acquisito il JW Marriott da Aareal Bank AG per 140 milioni di euro.  Situato sull'Isola delle Rose a Venezia, l'hotel offre 266 camere, suite con piscine private e un elegante ristorante.","https://www.google.com/maps/place/JW+Marriott+Venice+Resort+%26+Spa/@45.4011292,12.3005839,9685m/data=!3m1!1e3!4m9!3m8!1s0x477eb019b3cde61d:0xb9dfcff6c7ea10a4!5m2!4m1!1i2!8m2!3d45.4052158!4d12.3196096!16s%2Fg%2F11b6xjykj3?entry=ttu&g_ep=EgoyMDI1MDEwMS4wIKXMDSoASAFQAw%3D%3D"
433,Hotel Riviera,3,3,,2023,Q2,2600000.0,49,53061,53000,,,,Sale,Caorle,VE,Venezia,Veneto,45.606005,12.892574,high,Google place pin,Hotel Riviera,AdE,,"https://www.google.it/maps/place/Hotel+Riviera/@45.6061216,12.8921459,95m/data=!3m1!1e3!4m9!3m8!1s0x477bf1bd9a934413:0x253123f35127981e!5m2!4m1!1i2!8m2!3d45.6060054!4d12.8925736!16s%2Fg%2F1z44bby_w?entry=ttu&g_ep=EgoyMDI1MDEwMS4wIKXMDSoJLDEwMjExMjMzSAFQAw%3D%3D"
434,Albergo Linda,3,3,,2021,Q4,1395000.0,27,51667,52000,,,,Sale,Caorle,VE,Venezia,Veneto,45.604027,12.89016,medium,Google place pin (multiple pins in URL),Albergo Linda,,,"https://www.google.it/maps/place/Albergo+Linda/@45.6039673,12.8896595,138m/data=!3m2!1e3!5s0x477bf1a13fa521e7:0x2cc7ffbc3cc0fa52!4m20!1m10!3m9!1s0x477bf1a1158ca64d:0x4aecbec08945dccd!2sHotel+Adria+sul+Mare!5m2!4m1!1i2!8m2!3d45.5975258!4d12.8844567!16s%2Fg%2F1tfq3hb8!3m8!1s0x477bf1bd3c1b74a3:0x98bdad43f680f2d1!5m2!4m1!1i2!8m2!3d45.6040267!4d12.8901596!16s%2Fg%2F1tdfm2_1?entry=ttu&g_ep=EgoyMDI1MDEwMS4wIKXMDSoJLDEwMjExMjMzSAFQAw%3D%3D"
435,Hotel Adria sul Mare,3,3,,2022,Q4,4200000.0,26,161538,162000,,,,Sale,Caorle,VE,Venezia,Veneto,45.597526,12.884457,high,Google place pin,Hotel Adria sul Mare,,,"https://www.google.it/maps/place/Hotel+Adria+sul+Mare/@45.5976908,12.8840829,260m/data=!3m2!1e3!5s0x477bf1a13fa521e7:0x2cc7ffbc3cc0fa52!4m9!3m8!1s0x477bf1a1158ca64d:0x4aecbec08945dccd!5m2!4m1!1i2!8m2!3d45.5975258!4d12.8844567!16s%2Fg%2F1tfq3hb8?entry=ttu&g_ep=EgoyMDI1MDEwMS4wIKXMDSoJLDEwMjExMjMzSAFQAw%3D%3D"
436,Hotel Victoria,2,2,,2023,Q1,740000.0,27,27407,27000,,,,Sale,Caorle,VE,Venezia,Veneto,45.595828,12.872304,high,Google place pin,Sandonato Snc Di Brugnerotto Loris E C.,,,"https://www.google.it/maps/place/Sandonato+Snc+Di+Brugnerotto+Loris+E+C./@45.595627,12.872241,134m/data=!3m1!1e3!4m6!3m5!1s0x477bf1a9e5b6544d:0xde36b8a3f1f29812!8m2!3d45.5958283!4d12.8723041!16s%2Fg%2F1ptzdryjy?entry=ttu&g_ep=EgoyMDI1MDEwMS4wIKXMDSoJLDEwMjExMjMzSAFQAw%3D%3D"
437,Aparthotel Ponza,3,3,,2024,Q1,2800000.0,54,51852,52000,,,,Sale,Lignano Sabbiadoro,UD,Udine,Friuli-Venezia Giulia,45.687223,13.128879,medium,Google place pin (multiple pins in URL),Aparthotel Ponza Lignano Sabbiadoro,,,"https://www.google.it/maps/place/Aparthotel+Ponza+Lignano+Sabbiadoro/@45.6871998,13.1280923,17.77z/data=!4m18!1m8!3m7!1s0x477bf1bb382c5d2b:0x54c31c680a290f03!2s30021+Caorle+VE!3b1!8m2!3d45.6001992!4d12.8874114!16zL20vMGR6c2Mx!3m8!1s0x477b9473bd087915:0xdc829c9d1ea675ca!5m2!4m1!1i2!8m2!3d45.6872227!4d13.1288793!16s%2Fg%2F1q63cjyp0?entry=ttu&g_ep=EgoyMDI1MDEwMi4wIKXMDSoJLDEwMjExMjMzSAFQAw%3D%3D"
438,Hotel Centrale,4,4,,2023,Q2,2320000.0,31,74839,75000,,,,Sale,Lignano Sabbiadoro,UD,Udine,Friuli-Venezia Giulia,45.689536,13.144412,medium,Google place pin (multiple pins in URL),Hotel Centrale,,,"https://www.google.it/maps/place/Hotel+Centrale/@45.6895649,13.1442373,19z/data=!4m18!1m8!3m7!1s0x477bf1bb382c5d2b:0x54c31c680a290f03!2s30021+Caorle+VE!3b1!8m2!3d45.6001992!4d12.8874114!16zL20vMGR6c2Mx!3m8!1s0x477b94103b1bf1e5:0xa8b0468532a7bb9e!5m2!4m1!1i2!8m2!3d45.6895359!4d13.1444121!16s%2Fg%2F1tdzkdfy?entry=ttu&g_ep=EgoyMDI1MDEwMi4wIKXMDSoJLDEwMjExMjMzSAFQAw%3D%3D"
439,Hotel Tokyo,4,4,,2024,Q2,3120000.0,48,65000,65000,,,,Sale,Jesolo,VE,Venezia,Veneto,45.514873,12.673266,medium,Google place pin (multiple pins in URL),Hotel Tokio,,,"https://www.google.it/maps/place/Hotel+Tokio/@45.5147553,12.6731978,18.36z/data=!4m15!1m8!3m7!1s0x477bff4c8cad1a9d:0x912a5b8c2fb85dc3!2sVia+Olanda,+30016+Lido+di+Jesolo+VE!3b1!8m2!3d45.5160232!4d12.674438!16s%2Fg%2F1vpq5qdg!3m5!1s0x477bff4d01caf859:0x335fad71a8c9fdf5!8m2!3d45.5148733!4d12.6732662!16s%2Fg%2F1tdydgll?entry=ttu&g_ep=EgoyMDI1MDEwMi4wIKXMDSoJLDEwMjExMjMzSAFQAw%3D%3D"
440,Benelux Hotel,3,3,,2022,Q2,1550000.0,32,48438,48000,,,,Sale,Jesolo,VE,Venezia,Veneto,45.514089,12.668361,medium,Google place pin (multiple pins in URL),Benelux Hotel,,,"https://www.google.it/maps/place/Benelux+Hotel/@45.5141273,12.6679383,18.95z/data=!4m18!1m8!3m7!1s0x477bff4c8cad1a9d:0x912a5b8c2fb85dc3!2sVia+Olanda,+30016+Lido+di+Jesolo+VE!3b1!8m2!3d45.5160232!4d12.674438!16s%2Fg%2F1vpq5qdg!3m8!1s0x477bff8413a63773:0x7316d05a500eac82!5m2!4m1!1i2!8m2!3d45.5140891!4d12.6683609!16s%2Fg%2F11f765b7d7?entry=ttu&g_ep=EgoyMDI1MDEwMi4wIKXMDSoJLDEwMjExMjMzSAFQAw%3D%3D"
441,Hotel Riviera,3,3,,2020,Q4,1850000.0,35,52857,53000,,,,Sale,Jesolo,VE,Venezia,Veneto,45.514089,12.668361,medium,Google place pin (multiple pins in URL),Benelux Hotel,,,"https://www.google.it/maps/place/Benelux+Hotel/@45.5141273,12.6679383,18.95z/data=!4m18!1m8!3m7!1s0x477bff4c8cad1a9d:0x912a5b8c2fb85dc3!2sVia+Olanda,+30016+Lido+di+Jesolo+VE!3b1!8m2!3d45.5160232!4d12.674438!16s%2Fg%2F1vpq5qdg!3m8!1s0x477bff8413a63773:0x7316d05a500eac82!5m2!4m1!1i2!8m2!3d45.5140891!4d12.6683609!16s%2Fg%2F11f765b7d7?entry=ttu&g_ep=EgoyMDI1MDEwMi4wIKXMDSoJLDEwMjExMjMzSAFQAw%3D%3D"
442,Hotel Cristina,2,2,,2023,Q4,2050000.0,29,70690,71000,,,,Sale,Jesolo,VE,Venezia,Veneto,45.499966,12.629687,medium,Google place pin (multiple pins in URL),Hotel Cristina,,,"https://www.google.it/maps/place/Hotel+Cristina/@45.4999493,12.6293901,20.14z/data=!3m1!5s0x477c008505f76121:0x7258edcff7b5e19a!4m17!1m7!3m6!1s0x477c00846740cca5:0x1a83d21d67f7401d!2sPalazzo+del+Turismo+Jesolo!8m2!3d45.5023828!4d12.6310097!16s%2Fg%2F1225dz1j!3m8!1s0x477c008506b18ee9:0x6019557281ca2f00!5m2!4m1!1i2!8m2!3d45.4999665!4d12.6296871!16s%2Fg%2F1w97t71s?entry=ttu&g_ep=EgoyMDI1MDEwNi4xIKXMDSoJLDEwMjExMjMzSAFQAw%3D%3D"
443,Hotel Jesulum,3,3,,2024,Q1,3550000.0,47,75532,76000,,,,Sale,Jesolo,VE,Venezia,Veneto,45.498729,12.6263,high,Google place pin,Hotel Jesulum,,,"https://www.google.it/maps/place/Hotel+Jesulum/@45.498733,12.623725,16z/data=!3m1!4b1!4m9!3m8!1s0x477c0085fbdf7623:0x5051f29c86e5ce3!5m2!4m1!1i2!8m2!3d45.4987293!4d12.6262999!16s%2Fg%2F1tjdq510?entry=ttu&g_ep=EgoyMDI1MDEwNi4xIKXMDSoJLDEwMjExMjMzSAFQAw%3D%3D"
444,Leonardo Boutique Hotel Rome Monti,4,4,,2024,Q4,24919038.36,80,311488,311000,1800000.0,22500.0,0.07223392708802749,Sale,Roma,RM,Roma,Lazio,41.898908,12.491691,high,Google place pin,Leonardo Boutique Hotel Rome Monti,internal file,"Distressed (parte del prezzo pagata ad AMCO). Passing rent indicato è l'MGR, variabile dal 10% al 15% a seconda delle soglie di fatturato. Contratto 20+5 anni","https://www.google.com/maps/place/Leonardo+Boutique+Hotel+Rome+Monti/@41.8988318,12.4915293,50m/data=!3m1!1e3!4m6!3m5!1s0x132f6111115114af:0x14fbe86b1a478fa!8m2!3d41.898908!4d12.4916908!16s%2Fg%2F11wy9k3_6n?entry=ttu&g_ep=EgoyMDI1MDExNS4wIKXMDSoASAFQAw%3D%3D"
445,Hotel Caesar Augustus,5,5,Luxury,2024,Q4,180000000.0,56,3214286,3214286,,,,Sale,Anacapri,NA,Napoli,Campania,40.558762,14.223205,high,Google place pin,Hotel Caesar Augustus,Bulletin,"Il Gruppo Statuto ha confermato di aver rilevato l’Hotel Caesar Augustus, 5* da 56 chiavi, localizzato ad Anacapri (NA) al valore di 180 mln di euro, come riportato nel «The Bulletin» del 18.12.2024. A vendere è stata la «Società Amministrazione Gestione Alberghi S.p.A.», riconducibile alla famiglia Signorini, proprietaria dell’immobile dal 1940, mentre la gestione, sempre secondo indiscrezioni, verrà affidata a Four Seasons.","https://www.google.com/maps/place/Hotel+Caesar+Augustus/@40.5587616,14.2206243,504m/data=!3m2!1e3!5s0x133b776211fb32cd:0xd81bc06f80150651!4m9!3m8!1s0x133b776208e7ee83:0xed8b960c2cece327!5m2!4m1!1i2!8m2!3d40.5587616!4d14.2232046!16s%2Fg%2F1v2f2nhg?entry=ttu&g_ep=EgoyMDI1MDEyNy4wIKXMDSoASAFQAw%3D%3D"
446,NH Collection Milano City Life,4,4,,2025,Q1,82800000.0,185,447568,447568,,,,Sale,Milano,MI,Milano,Lombardia,45.482265,9.152639,high,Google place pin,Hotel NH Collection Milano CityLife,AdE,Lo studio legale internazionale Hogan Lovells ha assistito Invesco Ltd. Real Estate nella vendita dell’Hotel NH Collection Milano CityLife a Schroders Capital.,"https://www.google.it/maps/place/Hotel+NH+Collection+Milano+CityLife/@45.4821937,9.1517839,162m/data=!3m1!1e3!4m9!3m8!1s0x4786c10d09b936eb:0xe46c70e27d6aff6a!5m2!4m1!1i2!8m2!3d45.482265!4d9.1526395!16s%2Fg%2F11rs2_fwl_?entry=ttu&g_ep=EgoyMDI1MDIwMy4wIKXMDSoASAFQAw%3D%3D"
447,Hotel Cristal,4,4,,2025,Q1,2100000.0,72,29167,29167,,,,Sale,Lecce,LE,Lecce,Puglia,40.361527,18.191232,high,Google place pin,Hotel Cristal,AdE,"L’hotel è chiuso e inutilizzato da 13 anni, ma il progetto è quello di ristrutturarlo e riaprirlo entro 1 anno. L’immobile è stato venduto a 2,1 milioni di Euro, mentre l’investimento previsto per il restyling ammonta a 2,6 milioni.","https://www.google.it/maps/place/Hotel+Cristal/@40.3614163,18.1897617,795m/data=!3m1!1e3!4m6!3m5!1s0x13442e5f68483ffd:0xc12725dda57ba040!8m2!3d40.3615267!4d18.1912316!16s%2Fg%2F1td3zvfg?entry=ttu&g_ep=EgoyMDI1MDIwMy4wIKXMDSoASAFQAw%3D%3D"
448,Hotel Commercio e Pellegrino,3,3,,2025,Q1,5707117.0,25,228285,228000,,,,Sale,Venezia,VE,Venezia,Veneto,45.434257,12.341802,high,Google place pin,Hotel Commercio & Pellegrino,internal file,"È stato recentemente venduto l'Hotel Commercio e Pellegrino di Venezia, collocato nelle immediate adiacenze dell'Hotel Danieli (sul retro del palazzo). L'acquirente, Trevinvest, è un veicolo societario di investimenti con pregressa esperienza nel settore hospitality, riconducibile alla famiglia Trevisiol, che ha rilevato le quote della società che è proprietaria e gestore dell’hotel. A vendere sono i fratelli Marino e Massimo Dal Borgo, a cui è riconducibile società Albergo Commercio e Pellegrino S.r.l. L'hotel, di categoria attuale 3 stelle, al momento dell'acquisizione dispone di 25 chiavi.","https://www.google.it/maps/place/Hotel+Commercio+%26+Pellegrino/@45.434156,12.3416714,47m/data=!3m1!1e3!4m9!3m8!1s0x477eaf41ebf64cf1:0x71ea9aab0183e76b!5m2!4m1!1i2!8m2!3d45.4342568!4d12.3418016!16s%2Fg%2F11j24lshqk?entry=ttu&g_ep=EgoyMDI1MDMwOC4wIKXMDSoASAFQAw%3D%3D"
449,B&B Hotel Bologna,3,3,,2025,Q1,6421042.02,110,58373,58000,299726.9,2724.7900000000004,0.046678856650746545,Sale,Castel Maggiore,BO,Bologna,Emilia-Romagna,44.559157,11.376781,high,Google place pin,B&B Hotel Bologna,internal file,"Passing rent si riferisce al minimo garantito del contratto di locazione ultranovennale e non tiene conto del canone variabile. È escluso anche il contratto di locazione per l'esercizio di attività di ristorazione con ""Atlante Ristorazione S.r.l.""","https://www.google.it/maps/place/B%26B+Hotel+Bologna/@44.5591605,11.3742008,16z/data=!3m1!4b1!4m9!3m8!1s0x477fd2c6b8a6a6d1:0xd7ef769d03bd3226!5m2!4m1!1i2!8m2!3d44.5591567!4d11.3767811!16s%2Fg%2F1v9tyrhq!5m1!1e3?entry=ttu&g_ep=EgoyMDI1MDMxOS4yIKXMDSoASAFQAw%3D%3D"
450,B&B Hotel Ferrara,3,3,,2025,Q1,3175620.19,76,41784,42000,207084.04,2724.79,0.06521058174781286,Sale,Ferrara,FE,Ferrara,Emilia-Romagna,44.817665,11.604089,high,Google place pin,B&B Hotel Ferrara,internal file,"Passing rent si riferisce al minimo garantito del contratto di locazione ultranovennale e non tiene conto del canone variabile. È escluso anche il contratto di locazione per l'esercizio di attività di ristorazione con ""Atlante Ristorazione S.r.l.""","https://www.google.it/maps/place/B%26B+Hotel+Ferrara/@44.8176686,11.6015088,16z/data=!3m1!4b1!4m9!3m8!1s0x477e4e8647f9f22f:0xf8f2c576a3ef5d18!5m2!4m1!1i2!8m2!3d44.8176648!4d11.6040891!16s%2Fg%2F12q4x9b9r!5m1!1e3?entry=ttu&g_ep=EgoyMDI1MDMxOS4yIKXMDSoASAFQAw%3D%3D"
451,B&B Hotel Sassuolo,3,3,,2025,Q1,4241695.44,91,46612,47000,250010.0,2747.3626373626375,0.05894105400457511,Sale,Sassuolo,MO,Modena,Emilia-Romagna,44.549533,10.796171,high,Google place pin,B&B Hotel Sassuolo,internal file,Passing rent si riferisce al minimo garantito del contratto di locazione ultranovennale. Il canone corriposto è pari al maggior importo tra il 18% dei Ricavi Gestionali e 250 k€,"https://www.google.it/maps/place/B%26B+Hotel+Sassuolo/@44.5495368,10.7935904,17z/data=!3m1!4b1!4m9!3m8!1s0x477ffc968de24565:0x2aaf723824a78dbc!5m2!4m1!1i2!8m2!3d44.549533!4d10.7961707!16s%2Fg%2F1tlc_0fp!5m1!1e3?entry=ttu&g_ep=EgoyMDI1MDMxOS4yIKXMDSoASAFQAw%3D%3D"
452,Just Hotel,4,4,,2025,Q1,21500000.0,47,457447,457000,1425000.0,30319.14893617021,0.06627906976744186,Sale,Milano,MI,Milano,Lombardia,45.483607,9.202842,high,Google place pin,Just Hotel,internal file,"L'immobile era stato acquisito nel 2019 da FLE Italia SICAF per 10,55 mln € e dato in locazione a SIAM, con diritto di opzione.  Il 03/03/2025 SIAM esercita il diritto di opzione, nominando quale parte acquirente SYSTHEMA TAZZOLI per 13,345759 mln €  Il 04/03/2025 SYSTHEMA TAZZOLI vende a YELLOW TREE per 21,5 mln €.","https://www.google.com/maps/place/Just+Hotel/@45.4836342,9.2021947,283m/data=!3m1!1e3!4m9!3m8!1s0x4786c6c57343b9a1:0x180f851a797d1a45!5m2!4m1!1i2!8m2!3d45.4836072!4d9.2028422!16s%2Fg%2F11f4wv4qt6?entry=ttu&g_ep=EgoyMDI1MDMyNC4wIKXMDSoASAFQAw%3D%3D"
453,Hotel CDH Modena,3,3,,2025,Q2,3000000.0,84,35714,36000,,,,Sale (rumor),Modena,MO,Modena,Emilia-Romagna,44.659304,10.893923,high,Google place pin,CDH Hotel Modena,Bulletin,"Secondo indiscrezioni, Piazza Hotels & Resorts avrebbe completato l’acquisto dell’Hotel CDH Modena, 3* da 84 chiavi, ex hotel Eden. L’hotel sarebbe stato venduto dal Gruppo CDH per 3 milioni di Euro (ca. 35,7 mila Euro a chiave), e sempre secondo indiscrezioni l’hotel sarà marchiato da una catena internazionale con un brand del segmento midscale.","https://www.google.com/maps/place/CDH+Hotel+Modena/@44.6593045,10.8939231,667m/data=!3m2!1e3!4b1!4m9!3m8!1s0x477fefb6d900b617:0x25b29d113d5df998!5m2!4m1!1i2!8m2!3d44.6593045!4d10.8939231!16s%2Fg%2F11hrbwx_3d?entry=ttu&g_ep=EgoyMDI1MDQwOS4wIKXMDSoASAFQAw%3D%3D"
454,Hotel Byron Light,2,2,,2023,Q3,1400000.0,24,58333,58000,,,,Sale,Riccione,RN,Rimini,Emilia-Romagna,44.003799,12.655606,high,Google place pin,Byron Light Hotel,AdE,,"https://www.google.it/maps/place/Byron+Light+Hotel/@44.0037994,12.6507407,17z/data=!4m10!3m9!1s0x132cdd6531de54f5:0xbca654f3c20f8fb!5m3!1s2025-05-13!4m1!1i2!8m2!3d44.0037995!4d12.6556063!16s%2Fg%2F1tr860qv?entry=ttu&g_ep=EgoyMDI1MDUwNy4wIKXMDSoASAFQAw%3D%3D"
455,Montecarlo Boutique Hotel,3,3,,2022,Q1,2140000.0,33,64848,65000,,,,Sale,Riccione,RN,Rimini,Emilia-Romagna,44.008109,12.653361,high,Google place pin,Hotel Montecarlo Riccione,AdE,,"https://www.google.it/maps/place/Hotel+Montecarlo+Riccione/@44.0081091,12.6507806,17z/data=!3m1!4b1!4m10!3m9!1s0x132cdd6e551e537f:0xbfce55012ea698f5!5m3!1s2025-05-13!4m1!1i2!8m2!3d44.0081091!4d12.6533609!16s%2Fg%2F1tf17_nw?entry=ttu&g_ep=EgoyMDI1MDUwNy4wIKXMDSoASAFQAw%3D%3D"
456,Meininger Roma Termini,3,3,,2025,Q2,23150000.0,118,196186,196186,1324700.0,11226.271186440677,0.05722246220302376,Sale,,,,,,,nan,nan,,internal file,"Decorrenza contratto: Novembre 2022 (qui il dato è indicizzato alla data di compravendita, in modo da avere il Gross Entry Yield). Il dato, tra l'altro, si riferisce al canone minimo (da contratto è previsto un variabile pari al 32,5% del fatturato).  Le FF&Es sono di competenza del Conduttore (da contratto)",https://www.google.com/maps/place//data=!4m2!3m1!1s0x132f61a08227ec07:0xddd0b351568b1a94?sa=X&ved=1t:8290&ictx=111
457,Sayonara Hotel,4,4,,2025,Q1,4000000.0,40,100000,100000,,,,Sale,Primiero San Martino di Castrozza,TN,Trento,Trentino-Alto Adige/Südtirol,46.257492,11.802024,high,Google place pin (multiple pins in URL),Hotel Sayonara,Bulletin,"il gruppo marchigiano The Begin Hotels, controllato dalle famiglie Guidi (80%) e Guzzini (20%), ha finalizzato un contratto per l’acquisizione del Sayonara Hotel di San Martino di Castrozza.","https://www.google.com/maps/place/Hotel+Sayonara/@46.2574835,11.8019185,118m/data=!3m1!1e3!4m20!1m10!3m9!1s0x4778592b8a815573:0xefdf7d5b09370bd7!2sSayonara+-+Nature+%26+Wellness+Hotel!5m2!4m1!1i2!8m2!3d46.257492!4d11.8020238!16s%2Fg%2F1tfcgll2!3m8!1s0x47785930fdb197cd:0xe77efe78ff48bdd6!5m2!4m1!1i2!8m2!3d46.2572908!4d11.8022152!16s%2Fg%2F11l2xqmd4_?entry=ttu&g_ep=EgoyMDI1MDUyMS4wIKXMDSoASAFQAw%3D%3D"
458,Hotel Altura,3,3,,2025,Q2,5806000.0,72,80639,80639,,,,Auction,Villasimius,SU,Sud Sardegna,Sardegna,39.130105,9.528283,high,Google place pin,Hotel Altura,internal file,"Il gruppo Puddu si è aggiudicato lo scorso 22 maggio l’asta per la proprietà dell’hotel Altura di Villasimius in Sardegna. La struttura era stata affidata in gestione dal 2022 in curatela fallimentare alla famiglia Loi, la stessa che controlla Iti Hotels.","https://www.google.com/maps/place/Hotel+Altura/@39.130113,9.5278957,113m/data=!3m1!1e3!4m10!3m9!1s0x12e0c28b8aad85e7:0x57eabd6bff3072c2!5m3!1s2025-05-28!4m1!1i2!8m2!3d39.1301055!4d9.5282827!16s%2Fg%2F1tk9b6q8?entry=ttu&g_ep=EgoyMDI1MDUyMS4wIKXMDSoASAFQAw%3D%3D"
459,Hotel Grande Albergo,3,3,,2025,Q2,4000000.0,55,72727,72727,,,,Sale,Roccaraso,AQ,L'Aquila,Abruzzo,41.847956,14.079147,high,Google place pin,Hotel Grande Albergo,internal file,"Seller: Fam. Cipriano Buyer: Quadrante S.r.l. (società di costruzioni, Castel di Sangro)","https://www.google.com/maps/place/Hotel+Grande+Albergo/@41.8480483,14.0785222,153m/data=!3m1!1e3!4m10!3m9!1s0x13306fe87a313af7:0xad7ca369c4232812!5m3!1s2025-05-28!4m1!1i2!8m2!3d41.8479559!4d14.0791472!16s%2Fg%2F1tf840w3?entry=ttu&g_ep=EgoyMDI1MDUyMS4wIKXMDSoASAFQAw%3D%3D"
460,Palazzo Sitano,4,4,,2023,Q1,7500000.0,86,87209,87209,860000.0,10000.0,0.11466666666666667,Sale,Palermo,PA,Palermo,Sicilia,38.11771,13.36668,high,Google place pin,Hotel NH Collection Palermo Palazzo Sitano,internal file,Owner: Pamago (ha comprato da noi nel 2023) Tenant: NH dal 2025,"https://www.google.com/maps/place/Hotel+NH+Collection+Palermo+Palazzo+Sitano/@38.1177319,13.3663626,115m/data=!3m1!1e3!4m10!3m9!1s0x1319e5f3234ca795:0x10a7b2948140394e!5m3!1s2025-05-28!4m1!1i2!8m2!3d38.11771!4d13.36668!16s%2Fg%2F1x5cwn6w?entry=ttu&g_ep=EgoyMDI1MDUyMS4wIKXMDSoASAFQAw%3D%3D"
461,Hotel 2C,3,3,,2025,Q2,2550000.0,60,42500,42500,,,,Auction,Legnano,MI,Milano,Lombardia,45.596158,8.933217,high,Google place pin,,https://www.fallcoaste.it/vendita/liquidazione-giudiziale-due-c-srl-r-g-100-2024-legnano-mi-via-colli-di-s-erasmo-49-51-lotto-1171973.html,,"https://www.google.it/maps/place/45%C2%B035'46.2%22N+8%C2%B055'59.6%22E/@45.5961303,8.9327876,164m/data=!3m1!1e3!4m4!3m3!8m2!3d45.5961583!4d8.9332167?entry=ttu&g_ep=EgoyMDI1MDUyOC4wIKXMDSoASAFQAw%3D%3D"
462,Hotel Belle Epoque,3,3,Midscale,2025,Q1,10000000.0,39,256410,256410,,,,Sale,Venezia,VE,Venezia,Veneto,45.441882,12.322987,high,Google place pin,Hotel Belle Epoque,,"La struttura è stata acquisita dalla Immobiliare Delta, società che fa capo all’imprenditrice romana Paola Ginobbi. L’albergo è attualmente in fase di restyling ma si prevede che possa presto riaprire con il brand Iq Hotels, anch’esso riconducibile a Paola Ginobbi.","https://www.google.com/maps/place/Hotel+Belle+Epoque/@45.4418508,12.32278,189m/data=!3m2!1e3!5s0x477eb1c72d931481:0xdb34f40320bf5c4!4m10!3m9!1s0x477eb1c04605e2cf:0xf00e30da726191b1!5m3!1s2025-09-01!4m1!1i2!8m2!3d45.4418825!4d12.3229872!16s%2Fg%2F11csq735nc?entry=ttu&g_ep=EgoyMDI1MDUyOC4wIKXMDSoASAFQAw%3D%3D"
463,Hotel Apollo,4,4,,2025,Q1,1680000.0,44,38182,38182,,,,Sale,,,,,,,nan,nan,,Cartella Apollo,"Vende AZZURRO REOCO  Hotel venduto privo di certificazione impianti, da ristrutturare completamente.  Valutato da COP RE 1,6 mln €",https://www.google.com/maps/place//data=!4m2!3m1!1s0x132cb47fcf5fd299:0xc821b21d2aa95932?sa=X&ved=1t:8290&ictx=111
464,Hotel Vienna,3,3,,2021,Q2,425000.0,20,21250,21250,,,,Sale,,,,,,,nan,nan,,ADE,No info se già ristrutturato,https://www.google.com/maps/place//data=!4m2!3m1!1s0x132cb41ad0a404fb:0x9c701dfb710ae25d?sa=X&ved=1t:8290&ictx=111
465,Hotel Monique,3,3,,2024,Q2,900000.0,35,25714,25714,,,,Sale,Cervia,RA,Ravenna,Emilia-Romagna,44.258761,12.356716,high,Google place pin,B&B Monique,,,"https://www.google.com/maps/place/B%26B+Monique/@44.2587614,12.3541358,475m/data=!3m2!1e3!4b1!4m6!3m5!1s0x132cb4035f4318b1:0x1ac6ea9f82d0f1f!8m2!3d44.2587614!4d12.3567161!16s%2Fg%2F1tf90qkv!5m1!1e2?entry=ttu&g_ep=EgoyMDI1MDYxNy4wIKXMDSoASAFQAw%3D%3D"
466,Hotel Leon d'Oro,4,4,,2025,Q2,22800000.0,190,120000,120000,,,,Sale,Verona,VR,Verona,Veneto,45.427871,10.987305,high,Google place pin,Hotel Leon d'Oro,internal file,"Previsti 8M di capex, compra Savills (Fondo Juliet) per conto di PGIM, the investment management business of US financial services company Prudential Financial Inc, together with Italian real estate investment management company Dekus and Italian operator HNH Hospitality.","https://www.google.com/maps/place/Hotel+Leon+d'Oro/@45.4278708,10.9873052,17z/data=!3m1!4b1!4m9!3m8!1s0x477f5f68de57b587:0x96ca4959469d85fb!5m2!4m1!1i2!8m2!3d45.4278708!4d10.9873052!16s%2Fg%2F1td4ypt1!5m1!1e2?entry=ttu&g_ep=EgoyMDI1MDYyOS4wIKXMDSoASAFQAw%3D%3D"
467,Risorgimento Resort,5,5,,2021,Q1,9200000.0,47,195745,195745,,,,Sale,Lecce,LE,Lecce,Puglia,40.352525,18.171575,high,Google place pin,"Risorgimento Resort, member of WorldHotels Elite",Bulletin,https://www.quotidianodipuglia.it/lecce/lecce_risorgimento_vendita_trattativa_gest_resort_caparra_sei_zeri-8701043.html?utm_source=facebook&utm_medium=web&utm_campaign=fb_share&refresh_ce,"https://www.google.com/maps/place/Risorgimento+Resort,+member+of+WorldHotels+Elite/@40.3523076,18.1709972,19.2z/data=!4m9!3m8!1s0x13442ee142e3a66f:0x423acb50b056b1b0!5m2!4m1!1i2!8m2!3d40.3525245!4d18.1715749!16s%2Fg%2F1thnf4_y!5m1!1e2?entry=ttu&g_ep=EgoyMDI1MDYyOS4wIKXMDSoASAFQAw%3D%3D"
468,Palace Magnolia Family Hotel & SPA,3,3,,2025,Q1,2000000.0,75,26667,26667,,,,Sale,Tortoreto,TE,Teramo,Abruzzo,42.799053,13.943033,high,Google place pin (multiple pins in URL),Palace Magnolia Family Hotel & SPA,internal file,,"https://www.google.it/maps/place/Palace+Magnolia+Family+Hotel+%26+SPA/@42.798788,13.9429481,136a,35y,357.19h,5.63t/data=!3m1!1e3!4m18!1m8!3m7!1s0x13318d6c8054e4f1:0x620f239f3c70ddb8!2sVia+Cristoforo+Colombo,+64018+Tortoreto+Lido+TE!3b1!8m2!3d42.7991555!4d13.9432981!16s%2Fg%2F1trl7dd2!3m8!1s0x13318d6b83b12d0d:0x78b42943db0b2fa4!5m2!4m1!1i2!8m2!3d42.7990535!4d13.9430332!16s%2Fg%2F1td0jndq?entry=ttu&g_ep=EgoyMDI1MDYyOS4wIKXMDSoASAFQAw%3D%3D"
469,Toscana Charme Resort,5,5,,2022,Q4,12000000.0,120,100000,100000,,,,Sale,Pisa,PI,Pisa,Toscana,43.605644,10.291992,high,Google place pin,Toscana Charme Resort,internal file,Acquirente Uappala (Mirco Peirani) venditore Bulgarella (Edilcentro). Uappala era già gestore. Aperto nel 2019,"https://www.google.com/maps/place/Toscana+Charme+Resort/@43.605644,10.2894174,679m/data=!3m1!1e3!4m9!3m8!1s0x12d5eac2fe477ce3:0xc5d4b46fe75aeb39!5m2!4m1!1i2!8m2!3d43.605644!4d10.2919923!16s%2Fg%2F11c6v3my99!5m1!1e2?entry=ttu&g_ep=EgoyMDI1MDYzMC4wIKXMDSoASAFQAw%3D%3D"
470,Hotel Europa,2,2,,2021,Q4,1430000.0,22,65000,65000,,,,Sale,Levanto,SP,La Spezia,Liguria,44.169452,9.613038,high,Google place pin,Hotel Europa,internal file,,"https://www.google.com/maps/place/Hotel+Europa/@44.1694525,9.6130376,16z/data=!3m1!4b1!4m9!3m8!1s0x12d4ed006d2678af:0xc1f59cf4161cc995!5m2!4m1!1i2!8m2!3d44.1694525!4d9.6130376!16s%2Fg%2F11wh444f49?entry=ttu&g_ep=EgoyMDI1MDcwNi4wIKXMDSoASAFQAw%3D%3D"
471,Hotel Borgo di Cortefreda,4,4,,2025,Q3,4900000.0,55,89091,89091,370000.0,6727.272727272727,0.07551020408163266,Sale,Barberino Tavarnelle,FI,Firenze,Toscana,43.552343,11.173272,high,Google place pin (multiple pins in URL),Hotel Borgo di Cortefreda,https://www.monitorimmobiliare.it/monitorimmobiliare/notizia/soges-cede-la-proprieta-dell-hotel-borgo-di-cortefreda-per-focalizzarsi-sula-gestione-alberghiera_2025-07-15102453/,"Soges vende ma rimane in locazione, acquirente Palazzo Costanzi","https://www.google.it/maps/place/Hotel+Borgo+di+Cortefreda/@43.5523426,11.1706968,773m/data=!3m1!1e3!4m18!1m8!3m7!1s0x132a481cb25bb0ef:0x91588e54b4b6b4!2sVia+Roma,+191,+50028+Tavarnelle+Val+di+Pesa+FI!3b1!8m2!3d43.5523426!4d11.1732717!16s%2Fg%2F11vkfhj7vw!3m8!1s0x132a481b51908b67:0xd8b0b898fff29218!5m2!4m1!1i2!8m2!3d43.5529327!4d11.173212!16s%2Fg%2F1tcttsqq?hl=it&entry=ttu&g_ep=EgoyMDI1MDcxNS4xIKXMDSoASAFQAw%3D%3D"
472,Lamanna's Hotel Residence,3,3,,2024,Q2,1125000.0,22,51136,51136,,,,Sale,Castro,LE,Lecce,Puglia,39.998636,18.420533,high,Google place pin,Lamanna's Hotel,internal file,Si tratta di 22appartamenti più struttura centrale,"https://www.google.com/maps/place/Lamanna's+Hotel/@39.9986517,18.4203591,63m/data=!3m1!1e3!4m9!3m8!1s0x1344132e8bd4cf03:0x3a883cec2f745800!5m2!4m1!1i2!8m2!3d39.9986356!4d18.4205326!16s%2Fg%2F11c877z23p?entry=ttu&g_ep=EgoyMDI1MDcxNS4xIKXMDSoASAFQAw%3D%3D"
473,Smart Hotel,3,3,,2023,Q4,1035500.0,21,49310,49310,,,,Sale,,,,,,,nan,nan,,internal file,,https://maps.app.goo.gl/eoLAhxKWjExjoobf7
474,Hotel La Cantina,4,4,,2021,Q1,926000.0,15,61733,61733,,,,Sale,,,,,,,nan,nan,,internal file,,https://maps.app.goo.gl/oFmU1sLZSCsZzgFS6
475,Hotel e Ristorante sushi oro,4,4,,2023,Q4,1640000.0,25,65600,65600,,,,Sale,,,,,,,nan,nan,,internal file,,https://maps.app.goo.gl/8QVGZUiUyrzJ7ADD6
476,Hotel La Badia,4,4,,2025,Q1,6400000.0,24,266667,266667,,,,Sale,Orvieto,TR,Terni,Umbria,42.709709,12.116495,high,Google place pin,ALBERGO LA BADIA,internal file,"L’hotel, che operava in precedenza come struttura a 4 stelle con 27 camere, sarà completamente ristrutturato. La trasformazione prevede la riduzione dell’offerta a 24 chiavi, con il complesso che includerà anche una piscina all’aperto, una spa con cabine per trattamenti, una boutique, un campo da tennis, un’area fitness, un ristorante e un bar.  L’investimento complessivo, tra acquisizione e lavori di rinnovamento, sarà di oltre 43 milioni di euro.","https://www.google.com/maps/place/ALBERGO+LA+BADIA/@42.7096983,12.1161542,153m/data=!3m1!1e3!4m20!1m10!3m9!1s0x132a5481187e96af:0x63dcb9f4a133c18d!2sALBERGO+LA+BADIA!5m2!4m1!1i2!8m2!3d42.709709!4d12.116495!16s%2Fg%2F11btlvk_j0!3m8!1s0x132a5481187e96af:0x63dcb9f4a133c18d!5m2!4m1!1i2!8m2!3d42.709709!4d12.116495!16s%2Fg%2F11btlvk_j0?entry=ttu&g_ep=EgoyMDI1MDcyMy4wIKXMDSoASAFQAw%3D%3D"
477,Simon Hotel Aprilia,4,4,,2023,Q1,312345.0,33,9465,9465,,,,Auction,Aprilia,LT,Latina,Lazio,41.585721,12.647829,high,Google place pin,,internal file,Acquisto all'interno della procedura di Fallimento di G.M. Holding S.r.l. (Fallimento 734/2015 - Tribunale di Roma),"https://www.google.com/maps/place/41%C2%B035'08.6%22N+12%C2%B038'52.2%22E/@41.5857206,12.6452544,798m/data=!3m2!1e3!4b1!4m4!3m3!8m2!3d41.5857206!4d12.6478293?entry=ttu&g_ep=EgoyMDI1MDcyMy4wIKXMDSoASAFQAw%3D%3D"
478,Hotel Corte Estense,4,4,,2025,Q2,1330000.0,19,70000,70000,,,,Sale,Ferrara,FE,Ferrara,Emilia-Romagna,44.834959,11.61821,medium,Google place pin (multiple pins in URL),Hotel Corte Estense,internal file,"Acquisito da MA.VI. Investments nel 2024, rivenduto dopo 7 mesi a RK Leasing (per locazione finanziaria con PB Group). Stando a quanto rivela la stampa locale, i piani sarebbero di convertire la struttura in uno studentato universitario","https://www.google.com/maps/place/Hotel+Corte+Estense/@44.8349241,11.6180091,98m/data=!3m1!1e3!4m22!1m11!3m10!1s0x132599dcfe24bd05:0x426d165011729632!2sSIMON+HOTEL+APRILIA!5m3!1s2025-07-30!4m1!1i2!8m2!3d41.5855496!4d12.6481218!16s%2Fg%2F11lz61vrg2!3m9!1s0x477e4e6c70ec80dd:0xca61b980fbdd7afa!5m3!1s2025-07-30!4m1!1i2!8m2!3d44.8349591!4d11.6182098!16s%2Fg%2F1tdzdv9h?entry=ttu&g_ep=EgoyMDI1MDcyMy4wIKXMDSoASAFQAw%3D%3D"
479,Club Family Hotel Rimini,4,4,,2024,Q4,3000000.0,144,20833,20833,,,,Auction,Rimini,RN,Rimini,Emilia-Romagna,44.112582,12.5041,high,Google place pin,,Bulletin,,"https://www.google.com/maps/place/44%C2%B006'45.3%22N+12%C2%B030'14.8%22E/@44.1125146,12.5041576,115m/data=!3m1!1e3!4m4!3m3!8m2!3d44.1125819!4d12.5040999?entry=ttu&g_ep=EgoyMDI1MDcyMy4wIKXMDSoASAFQAw%3D%3D"
480,Color Bay Village,4,4,,2024,Q3,3801000.0,115,33052,33052,,,,Sale,Cervia,RA,Ravenna,Emilia-Romagna,44.292778,12.345,high,Google place pin,Color Bay Village - Milano Marittima,internal file,,"https://www.google.com/maps/place/Color+Bay+Village+-+Milano+Marittima/@44.2923426,12.3452493,253m/data=!3m1!1e3!4m10!3m9!1s0x132cb37e52580fa1:0x7d88e260a458ca8c!5m3!1s2025-07-30!4m1!1i2!8m2!3d44.2927778!4d12.345!16s%2Fg%2F1v2sj705?entry=ttu&g_ep=EgoyMDI1MDcyMy4wIKXMDSoASAFQAw%3D%3D"
481,Club Family Hotel Village Riccione,3,3,,2023,Q4,2847000.0,107,26607,26607,,,,Auction,Riccione,RN,Rimini,Emilia-Romagna,44.022518,12.631942,high,Google place pin,Club Family Hotel Village Riccione,https://www.ilrestodelcarlino.it/rimini/cronaca/le-conchiglie-acquistate-per-tre-milioni-f14f6604,,"https://www.google.com/maps/place/Club+Family+Hotel+Village+Riccione/@44.0224102,12.6317495,217m/data=!3m1!1e3!4m10!3m9!1s0x132ce7deaafa55f1:0xddcdc7dd0a289940!5m3!1s2025-07-30!4m1!1i2!8m2!3d44.0225184!4d12.6319424!16s%2Fg%2F11hnq4sktj?entry=ttu&g_ep=EgoyMDI1MDcyMy4wIKXMDSoASAFQAw%3D%3D"
482,Hotel Sicilia,4,4,,2020,Q4,2050000.0,75,27333,27333,,,,Auction,Enna,EN,Enna,Sicilia,37.566307,14.280865,high,Google place pin,Hotel Sicilia - Enna,internal file,3a asta,"https://www.google.com/maps/place/Hotel+Sicilia+-+Enna/@37.5664008,14.2805078,146m/data=!3m1!1e3!4m10!3m9!1s0x1310d881312d81c1:0xeb88925e31201138!5m3!1s2025-07-30!4m1!1i2!8m2!3d37.5663071!4d14.2808647!16s%2Fg%2F1td8w0kn?entry=ttu&g_ep=EgoyMDI1MDcyMy4wIKXMDSoASAFQAw%3D%3D"
483,Rive Gauche,4,4,Upscale,2023,Q2,1250000.0,14,89286,89286,,,,Sale,Bergamo,BG,Bergamo,Lombardia,45.692025,9.663557,high,Google place pin,"Via Gianbattista Moroni, 3, 24122 Bergamo BG",internal file,"Govinda S.r.l. acquisisce un cielo-terra (7 appartamenti + 2 negozi) da trasformare in Boutique Hotel  di 14 camere (4 stelle Superior) Investimento complessivo 4,5 mln €","https://www.google.com/maps/place/Via+Gianbattista+Moroni,+3,+24122+Bergamo+BG/@45.6931517,9.6643883,127a,35y,195.5h,45t/data=!3m1!1e3!4m9!1m2!2m1!1sRive+Gauche+Grill+bergamo!3m5!1s0x4781510c31c5c499:0xa804565f1d07ec46!8m2!3d45.6920246!4d9.6635571!16s%2Fg%2F11bw40cllt?entry=ttu&g_ep=EgoyMDI1MDcyMy4wIKXMDSoASAFQAw%3D%3D"
484,Albergo Ariosto,2,2,,2025,Q2,1000000.0,22,45455,45455,,,,Sale,Reggio nell'Emilia,RE,Reggio nell'Emilia,Emilia-Romagna,44.700167,10.628486,high,Google place pin (multiple pins in URL),Albergo Ariosto,internal file,Buyer: Claris Leasing User: PB Group,"https://www.google.com/maps/place/44%C2%B042'00.6%22N+10%C2%B037'42.6%22E/@44.700167,10.6278423,190m/data=!3m2!1e3!4b1!4m15!1m10!3m9!1s0x47801c5b56c67991:0xb24d5dc73dee5170!2sAlbergo+Ariosto!5m2!4m1!1i2!8m2!3d44.7001223!4d10.6287706!16s%2Fg%2F1hc1n7fzk!3m3!8m2!3d44.700167!4d10.628486?entry=ttu&g_ep=EgoyMDI1MDczMC4wIKXMDSoASAFQAw%3D%3D"
485,B&B Hotel Treviso al Fogher,3,3,,2025,Q3,1800000.0,54,33333,33333,230000.0,4259.259259259259,0.12777777777777777,Sale,Treviso,TV,Treviso,Veneto,45.668762,12.225537,high,Google place pin,B&B HOTEL Treviso al Foghér,internal file,"Seller: Fam Garatti (local family, previous owner and manager of the hotel Buyer: Interimmobiliare S.p.A. Tenant: B&B Hotel Italia S.p.A. Contratto di locazione stipulato contestualmente alla compravendita, così composto: - 200 k€/anno MGR per la parte hotel - 30k€/anno MGR per la parte ristorante","https://www.google.com/maps/place/B%26B+HOTEL+Treviso+al+Fogh%C3%A9r/@45.6686701,12.2250133,196m/data=!3m2!1e3!5s0x477937cb14061157:0x21a3210bf6edb1df!4m9!3m8!1s0x477937cb0d47e1f5:0xa76b93093a929ae7!5m2!4m1!1i2!8m2!3d45.6687624!4d12.225537!16s%2Fg%2F12hnz5j6d?entry=ttu&g_ep=EgoyMDI1MDgwNC4wIKXMDSoASAFQAw%3D%3D"
486,DoubleTree by Hilton Turin Lingotto,4,4,,2025,Q3,16000000.0,142,112676,112676,1150000.0,8098.591549295775,0.071875,Sale,Torino,TO,Torino,Piemonte,45.034936,7.66528,high,Google place pin,DoubleTree by Hilton Turin Lingotto,internal file,"Operazione di Sale & Lease Back Buyer: Corum Asset Management Seller: Lingotto Hotels S.r.l. (di IPI S.p.A.) Tenant: Lingotto Hotels S.r.l. (di IPI S.p.A.)  Il canone si riferisce al MGR  Nel 2023 il Buyer aveva acquisito, allo stesso modo e dallo stesso Seller, altra porzione dello stesso immobile (6,3% di Gross Initial Yield)","https://www.google.com/maps/place/DoubleTree+by+Hilton+Turin+Lingotto/@45.0297614,7.6589033,880a,35y,55.14h,33.31t/data=!3m2!1e3!5s0x478812c801e99659:0x64dca85382a5effc!4m20!1m10!3m9!1s0x478812b6335fb6cb:0x61bd5025911ce106!2sDoubleTree+by+Hilton+Turin+Lingotto!5m2!4m1!1i2!8m2!3d45.0349356!4d7.6652802!16s%2Fg%2F11f105dkr4!3m8!1s0x478812b6335fb6cb:0x61bd5025911ce106!5m2!4m1!1i2!8m2!3d45.0349356!4d7.6652802!16s%2Fg%2F11f105dkr4?entry=ttu&g_ep=EgoyMDI1MDgyNS4wIKXMDSoASAFQAw%3D%3D"
487,Grand Hotel Tiziano e dei Congressi,4,4,,2025,Q3,5600000.0,273,20513,20513,,,,Sale,Lecce,LE,Lecce,Puglia,40.361249,18.168853,high,Google place pin,Grand Hotel Tiziano e dei Congressi,internal file,"In contesto di liquidazione della società Seller.  Il Buyer sarà anche gestore dell'attività alberghiera. L'immobile comprende 273 camere, un ristorante, un centro congressi di 13 sale, piscina all'aperto, SPA, palestra e 100 posti auto esterni.","https://www.google.it/maps/place/Grand+Hotel+Tiziano+e+dei+Congressi/@40.3612184,18.1689091,375m/data=!3m1!1e3!4m9!3m8!1s0x13442ec185cb6783:0xa5bad5e1eb5db7dc!5m2!4m1!1i2!8m2!3d40.3612492!4d18.1688532!16s%2Fg%2F1v6p1k8q?entry=ttu&g_ep=EgoyMDI1MDgyNS4wIKXMDSoASAFQAw%3D%3D"
488,Risorgimento Resort,5,5,,2025,Q3,12500000.0,47,265957,265957,,,,Rumor,Lecce,LE,Lecce,Puglia,40.352525,18.171575,high,Google place pin,"Risorgimento Resort, member of WorldHotels Elite",Bulletin,"Luigi Bleve compratore, non ancora presente rogito","https://www.google.com/maps/place/Risorgimento+Resort,+member+of+WorldHotels+Elite/@40.3523076,18.1709972,19.2z/data=!4m9!3m8!1s0x13442ee142e3a66f:0x423acb50b056b1b0!5m2!4m1!1i2!8m2!3d40.3525245!4d18.1715749!16s%2Fg%2F1thnf4_y!5m1!1e2?entry=ttu&g_ep=EgoyMDI1MDYyOS4wIKXMDSoASAFQAw%3D%3D"
489,La Suera,5,5,,2023,Q1,900000.0,29,31034,31034,,,,Sale,Olbia,SS,Sassari,Sardegna,41.045922,9.46837,high,Google place pin,La Sùera San Pantaleo,internal file,"L'acquisto riguarda un immobile residenziale rurale, di proprietà di privati, che è stato, poi, riconvertito in hotel a 5 stelle + ristorante da Istana S.r.l. (società di Parma, riconducibile all'imprenditore Sauro Mambrini, titolare del brand Champion in Europa).  il valore è, di fatto, un AS IS pre-capex di un edificio dismesso.","https://www.google.com/maps/place/La+S%C3%B9era+San+Pantaleo/@41.0459844,9.468566,113m/data=!3m1!1e3!4m20!1m10!3m9!1s0x12deae6067707781:0xb8e79d30fc4c1a0a!2sLa+S%C3%B9era+San+Pantaleo!5m2!4m1!1i2!8m2!3d41.0459219!4d9.4683696!16s%2Fg%2F1tcth_nj!3m8!1s0x12deae6067707781:0xb8e79d30fc4c1a0a!5m2!4m1!1i2!8m2!3d41.0459219!4d9.4683696!16s%2Fg%2F1tcth_nj?entry=ttu&g_ep=EgoyMDI1MDkwNy4wIKXMDSoASAFQAw%3D%3D"
490,A&O Hostels Cà Granda,4,4,,2025,Q3,32500000.0,172,188953,188953,,,,Sale,Milano,MI,Milano,Lombardia,45.50655,9.196749,high,Google place pin,a&o Hostel Milano Ca Granda,internal file,l'acquirente è A&O con lo stesso veicolo prima utilizzato per l'hostel di Mestre (poi parzialmente ceduto a CampusX),"https://www.google.com/maps/place/a%26o+Hostel+Milano+Ca+Granda/@45.5065498,9.194174,657m/data=!3m2!1e3!4b1!4m9!3m8!1s0x4786c732cbb3eeef:0x4efe54706b581b88!5m2!4m1!1i2!8m2!3d45.5065498!4d9.1967489!16s%2Fg%2F11xmvx3d5x?entry=ttu&g_ep=EgoyMDI1MDkxMC4wIKXMDSoASAFQAw%3D%3D"
491,Hotel Borgo di Cortefreda,4,4,,2025,Q3,4900000.0,55,89091,89091,370000.0,6727.272727272727,0.07551020408163266,Sale,Barberino Tavarnelle,FI,Firenze,Toscana,43.552933,11.173212,high,Google place pin,Hotel Borgo di Cortefreda,https://www.monitorimmobiliare.it/monitorimmobiliare/notizia/soges-riscatta-lhotel-borgo-di-cortefreda-e-lo-cede-a-palazzo-costanzi_2025-09-17171414/,"Soges Group, ospitalità alberghiera e congressuale quotata a Piazza Affari, ha perfezionato il riscatto anticipato dell'immobile denominato Hotel Borgo di Cortefreda a Barberino Tavarnelle (Firenze) e la contestuale cessione dello stesso a Palazzo Costanzi.  Insieme alla compravendita, è stato sottoscritto un contratto di locazione di lunga durata che consente a Soges di proseguire senza soluzione di continuità la gestione della struttura sotto il brand Place of Charme. Il contratto ha una durata iniziale di nove anni, rinnovabile per ulteriori nove, con rinuncia da parte del locatore alla facoltà di diniego alla scadenza del primo periodo. È previsto un canone annuo a regime pari a 370.000 euro oltre Iva, integrato da una componente variabile calcolata in percentuale sul fatturato.  L'operazione, articolata nell'esercizio del diritto di riscatto anticipato dell'immobile ai sensi del contratto di leasing sottoscritto con Intesa Sanpaolo per un valore definitivo di riscatto pari a 3,2 milioni e nella successiva cessione all'acquirente per 4,9 milioni, oltre imposte, si inserisce nel percorso strategico delineato in sede di Ipo. In occasione del closing è stato sottoscritto l'accordo di indennizzo relativo alla compravendita dell'immobile, ai sensi del quale la società ha rilasciato a favore dell'acquirente le dichiarazioni e garanzie di legge e di prassi per operazioni similari, assumendone le relative obbligazioni di indennizzo. Il perfezionamento della compravendita consente alla società di rafforzare la posizione finanziaria netta, incrementare la flessibilità patrimoniale e liberare risorse destinate a nuovi investimenti, mantenendo la piena operatività delle strutture alberghiere","https://www.google.com/maps/place/Hotel+Borgo+di+Cortefreda/@43.5547274,11.17401,792m/data=!3m2!1e3!5s0x132a481cab9f19ff:0xc8aade41f5612235!4m9!3m8!1s0x132a481b51908b67:0xd8b0b898fff29218!5m2!4m1!1i2!8m2!3d43.5529327!4d11.173212!16s%2Fg%2F1tcttsqq?entry=ttu"
492,Supporter Deluxe Hotel,5,5,,2025,Q3,2500000.0,25,100000,100000,,,,Sale,Fossacesia,CH,Chieti,Abruzzo,42.255935,14.503746,high,Google place pin,Supporter Deluxe Hotel,internal file,Trattasi di cessione di ramo d'azienda da parte della società Supporter Hotel S.r.l. (di proprietà dell'imprenditore Donato di Campili) in favore della società Elisa S.r.l. (di proprietà dell'imprenditore locale Nicola Di Sipio).  Cessione avvenuta in contesto di CNC. Il prezzo comprende anche il subentro nei contratti di lavoro.,"https://www.google.com/maps/place/Supporter+Deluxe+Hotel/@42.2559347,14.5011709,789m/data=!3m2!1e3!4b1!4m9!3m8!1s0x13311d1534cc3995:0xb2d9d9ed033a73ef!5m2!4m1!1i2!8m2!3d42.2559347!4d14.5037458!16s%2Fg%2F11jny03f09?entry=ttu&g_ep=EgoyMDI1MTAwMS4wIKXMDSoASAFQAw%3D%3D"
493,TH Lazise Hotel Parchi del Garda,4,4,,2022,Q2,34000000.0,233,145923,145923,2100000.0,9012.875536480688,0.061764705882352944,Sale,Lazise,VR,Verona,Veneto,45.461965,10.719569,high,Google place pin,Hotel Parchi del Garda,internal file,Marlin (Algebris) da società in liquidazione,"https://www.google.com/maps/place/Hotel+Parchi+del+Garda/@45.4619653,10.7146982,658m/data=!3m2!1e3!4b1!4m10!3m9!1s0x4781e9475b45c127:0xff82028e2183f3f0!5m3!1s2025-12-27!4m1!1i2!8m2!3d45.4619654!4d10.7195691!16s%2Fg%2F12yygj0ds?entry=ttu&g_ep=EgoyMDI1MTAxNC4wIKXMDSoASAFQAw%3D%3D"
494,NH Orio al Serio,4,4,,2025,Q4,15000000.0,118,127119,127119,,,,Sale,Orio al Serio,BG,Bergamo,Lombardia,45.663933,9.697875,high,Google place pin,Hotel NH Orio al Serio,internal file,Percassi da Commerz Real,"https://www.google.com/maps/place/Hotel+NH+Orio+al+Serio/@45.6639327,9.6953005,655m/data=!3m2!1e3!5s0x4781506ab8ac025d:0xc8364345f8f5d355!4m10!3m9!1s0x47815047769142d9:0xa5f65b3cac6d62ed!5m3!1s2025-12-27!4m1!1i2!8m2!3d45.6639327!4d9.6978754!16s%2Fg%2F1tf7ldy3?entry=ttu&g_ep=EgoyMDI1MTAxNC4wIKXMDSoASAFQAw%3D%3D"
495,Hotel Pisa Tower Plaza,5,5,,2025,Q4,15100000.0,125,120800,120800,,,,Sale,Pisa,PI,Pisa,Toscana,43.722303,10.379107,high,Google place pin (multiple pins in URL),Hotel Pisa Tower Plaza,internal file,"Il Tower Plaza, racconta La Nazione, passa infatti nelle mani della catena spagnola Smy Hotels, che ne ha rilevato la proprietà dalla San Rossore Touring del gruppo Bulgarella per 15 milioni di euro. Lo stesso brand iberico ne prenderà in mano anche la gestione precedentemente a cura di Uappala Hotels. Il tutto però dopo alcuni lavori di restyling che terranno chiusa la struttura fino alla prossima primavera.","https://www.google.it/maps/place/Hotel+Pisa+Tower+Plaza/@43.7222922,10.379222,219m/data=!3m1!1e3!4m18!1m8!3m7!1s0x12d59113ead85d7b:0x559302a05e255c3f!2sVia+Caduti+del+Lavoro,+46,+56122+Pisa+PI!3b1!8m2!3d43.7223033!4d10.3791067!16s%2Fg%2F11y9xtmx0g!3m8!1s0x12d59138e80185a7:0xe794144ad029ebc!5m2!4m1!1i2!8m2!3d43.7225564!4d10.3789679!16s%2Fg%2F1tdlqws9?entry=ttu&g_ep=EgoyMDI1MTEyMy4xIKXMDSoASAFQAw%3D%3D"
496,Donnafugata Golf Resort & Spa,5,5,,2025,Q4,22265000.0,202,110223,110223,,,,Sale,Ragusa,RG,Ragusa,Sicilia,36.867965,14.495058,high,Google place pin,Donnafugata Golf Resort & Spa,internal file,"Arrow Global Italia, through a fund managed by Sagitta SGR, has acquired the five-star, 202-room Donnafugata Golf Resort & Spa in Sicily, Italy. Originally opened in 2010 under the management of NH Hotels, the resort then closed during the covid pandemic. It is situated in a rural area near Ragusa in south-east Sicily. It includes various restaurants, a spa and two championship 18-hole golf courses. Together with Italian operator Mangia’s, Arrow Global plans to extensively redevelop the resort, including all its guest rooms and facilities. The resort is adjacent to Arrow Global’s Costa Ragusa Borgo and Resort, which is due to open in 2026.","https://www.google.com/maps/place/Donnafugata+Golf+Resort+%26+Spa/@36.86819,14.4965857,230m/data=!3m1!1e3!4m9!3m8!1s0x1311bb007151b11b:0xaf7e11b16eb4550f!5m2!4m1!1i2!8m2!3d36.8679646!4d14.4950582!16s%2Fg%2F11xw27byk1?entry=ttu&g_ep=EgoyMDI1MTIwOS4wIKXMDSoASAFQAw%3D%3D"
497,Amedia Hotel Milano by Windham,3,3,,2020,Q1,7200000.0,148,48649,48649,1280000.0,8648.648648648648,,Sale,Milano,MI,Milano,Lombardia,45.448338,9.118918,high,Google place pin,Amedia Milan,internal file,"Comprato ad uso uffici (D/8) e successivamente trasformato in hotel dall'acquirente (AHC INTERNATIONAL CONSULTING AG), attualmente in vendita con asking price 15M","https://www.google.com/maps/place/Amedia+Milan/@45.4483375,9.1163435,1316m/data=!3m2!1e3!4b1!4m9!3m8!1s0x4786c239e99e1d4f:0xb9aec56171e439d7!5m2!4m1!1i2!8m2!3d45.4483375!4d9.1189184!16s%2Fg%2F11qp0h1v_t?entry=ttu&g_ep=EgoyMDI1MTIwOS4wIKXMDSoASAFQAw%3D%3D"
498,Florio Park Hotel,4,4,,2025,Q4,6436707.45,210,30651,30651,1500000.0,7142.857142857143,,Sale,Cinisi,PA,Palermo,Sicilia,38.162332,13.085693,high,Google place pin (multiple pins in URL),TH Cinisi | Florio Park Hotel,internal file,"Share deal delle due società (Albatur SRL e Florio Beauty House SRL) a Voihotels SPA. Nota bene: esiste un contenzioso tra Albatur e Regione Siciila in relazione alla vendita del complesso in data 24/9/2013 con un rischio potenziale quantificato in una sentenza di primo grado del Tribunale di Palermo pari a 3,3M.","https://www.google.com/maps/place/TH+Cinisi+%7C+Florio+Park+Hotel/@38.1621324,13.0836645,737m/data=!3m1!1e3!4m16!1m5!3m4!2zMzjCsDA5JzQzLjciTiAxM8KwMDUnMTAuNSJF!8m2!3d38.1621324!4d13.0862394!3m9!1s0x131991f0f193100f:0xaf1b76d2bf8af268!5m3!1s2026-01-09!4m1!1i2!8m2!3d38.1623321!4d13.0856933!16s%2Fg%2F1tdlr61l?entry=ttu&g_ep=EgoyMDI1MTIwOS4wIKXMDSoASAFQAw%3D%3D"
499,Hotel Areion,4,4,,2025,Q4,13137688.0,37,355073,355073,,,,Sale,Forte dei Marmi,LU,Lucca,Toscana,43.951926,10.1748,high,Google place pin,Hotel Areion,internal file,"Share deal, vendita a società alle Bahamas (MASA Property Investments ltd) riconducibile allo sceicco Ahmed bin Saeed al Maktoum . Demolizione e ricostruzione già avvenuta, apre primavera 2026","https://www.google.com/maps/place/Hotel+Areion/@43.9519267,10.1744181,19.67z/data=!4m6!3m5!1s0x12d50a0399e0f289:0x4c06c8688a6cf288!8m2!3d43.9519256!4d10.1748003!16s%2Fg%2F1tdt3bn_?entry=ttu"
500,Ibis Styles Rome EUR,4,4,,2025,Q4,27200000.0,191,142408,142408,1750000.0,9162.303664921466,0.06433823529411764,Sale,Roma,RM,Roma,Lazio,41.830209,12.456279,high,Google place pin,Hotel ibis Styles Roma Eur,internal file,"Sale and lease back tra Cdp Real Asset sgr e il gruppo Amapa. L’operazione riguarda l’ibis Styles Roma Eur ed è stata condotta tramite il Fondo nazionale turismo comparto A (Ft2) . Aperta nel 2012, la struttura è un 4 stelle sviluppato su una superficie di quasi 9 mila mq e dotato di 191 camere, aree meeting e spazi verdi outdoor. L'hotel diventerà un Mercure dopo un upgrade di 450k a carico di Amapa, che dovrà avvenire nei prossimi 12 mesi.","https://www.google.com/maps/place/Hotel+ibis+Styles+Roma+Eur/@41.8298391,12.4555638,231m/data=!3m2!1e3!5s0x13258b20df62a57f:0x545e492cde981bd2!4m9!3m8!1s0x13258b26bc60c151:0xd2524435550664d9!5m2!4m1!1i2!8m2!3d41.8302092!4d12.4562786!16s%2Fg%2F1ptx3xsd7?entry=ttu&g_ep=EgoyMDI2MDEwNy4wIKXMDSoASAFQAw%3D%3D"
501,Principessa Giovanna Boutique Chalet,3,3,,2025,Q1,1600000.0,23,69565,69565,,,,Sale,Roccaraso,AQ,L'Aquila,Abruzzo,41.822403,14.033205,high,Google place pin,Principessa Giovanna Boutique Chalet,internal file,"Direttamente sulle piste, a fianco impianti di risalita","https://www.google.com/maps/place/Principessa+Giovanna+Boutique+Chalet/@41.8225509,14.0322836,18z/data=!4m9!3m8!1s0x133071bfa0b52fdd:0xb82eb5935a3a5f03!5m2!4m1!1i2!8m2!3d41.8224029!4d14.033205!16s%2Fg%2F1thjr0yf?entry=ttu&g_ep=EgoyMDI2MDExMy4wIKXMDSoASAFQAw%3D%3D"
502,Hotel Bamby,3,3,,2024,Q4,870000.0,44,19773,19773,,,,Sale,Pescasseroli,AQ,L'Aquila,Abruzzo,41.808785,13.77863,high,Google place pin,Hotel Bamby - Hotel nel parco nazionale d'Abruzzo,internal file,"Risstrutturato recentemente, con piscina","https://www.google.com/maps/place/Hotel+Bamby+-+Hotel+nel+parco+nazionale+d'Abruzzo/@41.8086407,13.7778518,18.2z/data=!4m9!3m8!1s0x13300feb03f11c63:0x7671ed1aebd34f58!5m2!4m1!1i2!8m2!3d41.8087853!4d13.7786296!16s%2Fg%2F11hf7stn24?entry=ttu&g_ep=EgoyMDI2MDExMy4wIKXMDSoASAFQAw%3D%3D"
503,Hotel Russott,4,4,,2025,Q3,8000000.0,182,43956,43956,,,,Sale,Venezia,VE,Venezia,Veneto,45.477936,12.26978,high,Google place pin,Russott Hotel,internal file,"La società ""RUSSOTTI GESTIONI HOTELS S.p.A."" vende alla società ""Apex Paval Mestre S.r.l."" L'hotel era chiuso da 3 anni","https://www.google.com/maps/place/Russott+Hotel/@45.4777633,12.2689647,248m/data=!3m1!1e3!4m17!1m9!3m8!1s0x477eb3f971358207:0x9da131cd243e813f!2sRussott+Hotel!8m2!3d45.4779364!4d12.2697801!9m1!1b1!16s%2Fg%2F1tm0r_k8!3m6!1s0x477eb3f971358207:0x9da131cd243e813f!8m2!3d45.4779364!4d12.2697801!10e1!16s%2Fg%2F1tm0r_k8?entry=ttu&g_ep=EgoyMDI2MDIwOC4wIKXMDSoASAFQAw%3D%3D"
504,Mercure Rimini Lungomare,4,4,,2025,Q4,7000000.0,48,145833,145833,,,,Sale,Rimini,RN,Rimini,Emilia-Romagna,44.069612,12.5797,high,Google place pin,Hotel Mercure Rimini Lungomare,Bulletin,"È passato di mano lo scorso dicembre per 7 milioni di euro il Mercure Rimini Lungomare. Ad acquisire la proprietà dalla famiglia Pollarini sono stati i Lima, già al timone delle operazioni dell’albergo da diversi anni e che ora hanno deciso di diventarne pure i titolari. L’hotel è un 4 stelle da 48 camere, bar, sala meeting, una piscina outdoor e una per bambini, palestra e parcheggio.","https://www.google.com/maps/place/Hotel+Mercure+Rimini+Lungomare/@44.0696115,12.5771246,674m/data=!3m1!1e3!4m9!3m8!1s0x132cc377723a15b1:0x7c378a0fb8dd3d5e!5m2!4m1!1i2!8m2!3d44.0696115!4d12.5796995!16s%2Fg%2F1tjyqvz8?entry=ttu&g_ep=EgoyMDI2MDIxOC4wIKXMDSoASAFQAw%3D%3D"
505,NH Parma,4,4,,2026,Q1,15700000.0,120,130833,135800,,,0.07,Sale,Parma,PR,Parma,Emilia-Romagna,44.810949,10.329316,high,Google place pin,Hotel NH Parma,,"I FRANCESI DI REMAKE ASSET MANAGEMENT ACQUISISCONO L’NH PARMA PER 15,7 MLN L’hotel è un 4 stelle superior da 120 chiavi e otto sale meeting già di proprietà di Bn e Dv Investimenti","https://www.google.com/maps/place/Hotel+NH+Parma/@44.8109523,10.3267408,16z/data=!3m1!4b1!4m9!3m8!1s0x47806aeceabee263:0xef048477e424d120!5m2!4m1!1i2!8m2!3d44.8109485!4d10.3293157!16s%2Fg%2F1q2wbjp_2?entry=ttu&g_ep=EgoyMDI2MDMwMS4xIKXMDSoASAFQAw%3D%3D"
506,SMY Bologna Centrale,4,4,,2024,Q2,12094737.0,82,147497,147497,,,,Sale,,,,,,,nan,nan,Smy Bologna Centrale,Foglio 161 Part. 131 Sub 247,,https://www.google.com/maps/place/Smy+Bologna+Centrale/
507,Idea Hotel Plus Savona,4,4,,2025,Q3,3700000.0,102,36275,36275,,,,Sale,,,,,,,nan,nan,Idea Hotel Savona,Foglio 75 Part. 393 Sub 206,,https://www.google.com/maps/place/Idea+Hotel+Savona/
508,Hotel Golfo e Palme,3,3,,2023,Q1,3800000.0,43,88372,88372,,,,Sale,,,,,,,nan,nan,Hotel Golfo e Palme,Foglio 5 Part.960 Sub5,,https://www.google.com/maps/place/Hotel+Golfo+e+Palme/
509,Hotel Ristorante Lorenzo,3,3,,2025,Q1,2035000.0,24,84792,84792,,,,Sale,,,,,,,nan,nan,Hotel Ristorante Lorenzo,Foglio 6 Particella 443,,https://www.google.com/maps/place/Hotel+Ristorante+Lorenzo/
510,Carrick Hotel Camogli,5,5,,2024,Q2,6750000.0,25,270000,270000,,,,Sale,,,,,,,nan,nan,Carrick Hotel Camogli,Foglio 7 Particella 227,,https://www.google.com/maps/place/Carrick+Hotel+Camogli
511,Hotel Excelsior,4,4,,2021,Q3,9000000.0,87,103448,103448,,,,Sale,,,,,,,nan,nan,Hotel Excelsior,Foglio 8 Particella 12 Sub 2,,https://www.google.com/maps/place/Hotel+Excelsior/
512,"Principessa Forte dei Marmi, Autograph Collection",4,4,,2023,Q3,10000000.0,39,256410,256410,,,,Sale,,,,,,,nan,nan,Principessa Forte dei Marmi,,,https://www.google.com/maps/place/Principessa+Forte+dei+Marmi
513,Hotel Belvedere,4,4,,2022,Q1,11500000.0,34,338235,338235,,,,Sale,,,,,,,nan,nan,Hotel Belvedere,Foglio 13 Particella 336 Sub 3,,https://www.google.com/maps/place/Hotel+Belvedere/
514,Donnafugata Golf Resort & Spa,5,5,,2025,Q4,22661000.0,194,116809,116809,,,,Sale,,,,,,,nan,nan,Donnafugata Golf Resort,,,https://www.google.com/maps/place/Donnafugata+Golf+Resort
515,Club Med Kamarina Resort,3,3,,2024,Q3,37500000.0,636,58962,58962,,,,Sale,,,,,,,nan,nan,Kamarina Resort,,,https://www.google.com/maps/place/Kamarina+Resort
516,Best Western Plus Hotel Expo Verona di Villafranca,4,4,,2026,Q2,8000000.0,113,70796,70796,,,,Sale,,,,,,,nan,nan,B&B HOTEL Expo Verona,Bulletin 30/03/26,"La Scpi francese Atream Hotels, sostanzialmente il corrispondente transalpino di una Siiq non quotata, acquisisce e lo converte in un B&B Hotels.",https://www.google.com/maps/place/B%26B+HOTEL+Expo+Verona
517,Hotel Euromar Rimini,3,3,,2026,Q2,,53,,,,,,Share Deal,,,,,,,nan,nan,Hotel Euromar Rimini,https://legalcommunity.it/rodl-con-binderhoff-rimini-nellacquisizione-di-due-hotel/,"L’iniziativa è sostenuta da Binderhoff AS, che opera nel settore immobiliare e delle costruzioni nei Paesi Baltici. Binderhoff AS è l’azionista di controllo di Newcom, sviluppatore residenziale in Lettonia, e di Newcom Construction, impresa di costruzione nel Paese. HOTEL EuroMar e Urania",https://www.google.com/maps/place/Hotel+Euromar+Rimini
518,Arcimboldi,4,4,,,,,,,,,,,Sale,,,,,,,nan,nan,,,,
519,Hotello Padova,3,3,,2026,Q2,4500000.0,150,30000,30000,,,,Sale,,,,,,,nan,nan,,Bulletin 21/03/26,Posti letto 0stello,
520,Eden Bleu,4,4,,2023,Q3,2100000.0,24,87500,87500,,,,Sale,,,,,,,nan,nan,,,,
521,Hotel Rivoli Sorrento,3,3,,2025,Q4,3400000.0,15,226667,226667,,,,Sale,,,,,,,nan,nan,,,,
522,HOTEL KALI SORRENTO,3,3,,2024,Q3,1220000.0,13,93846,93846,,,,Sale,,,,,,,nan,nan,,,,
523,Hotel Palazzo Antonietta,4,4,,2024,Q3,1580079.0,20,79004,79004,,,,Sale,,,,,,,nan,nan,,,,
524,Hotel Venere in Ascea Marina,3,3,,2024,Q4,1170000.0,25,46800,46800,,,,Sale,,,,,,,nan,nan,,,,
525,Borgo Villa Maria,3,3,,2025,Q2,1300000.0,30,43333,43333,,,,Sale,,,,,,,nan,nan,,,,
526,Palace Hotel Matera,4,4,,2023,Q3,6000000.0,65,92308,92308,,,,Sale,,,,,,,nan,nan,,,Conversione apt,
527,Ristorante Hotel Lido di Angera,3,3,,2024,Q4,5200000.0,17,305882,305882,,,,Sale,,,,,,,nan,nan,,,Conversione apt,
528,Hotel Meliá Genova,5,5,,2026,Q2,,99,,,,,,Sale,,,,,,,nan,nan,,https://www.linkedin.com/posts/meli%C3%A1-hotels-international-ha-perfezionato-share-7464592096705036288-pR0b/?utm_source=share&utm_medium=member_android&rcm=ACoAAAAKu9kBerDlD2-eb5hzlpSVL82bnYMUMEQ,,
529,CitizenM,4,4,,2026,Q3,70000000.0,162,432099,432099,,,,Sale,,,,,,,nan,nan,,,,
530,Le Massif Courmayeur,5,5,,2026,Q1,24194261.5,80,302428,302428,,,,Sale,,,,,,,nan,nan,,,,
531,Lindenhof Pure Luxury & Spa DolceVita Resort,5,5,,2026,Q3,,80,,,,,,Sale,,,,,,,nan,nan,,,,
532,Hilton Garden Inn Milan North,4,4,,2026,Q2,23000000.0,193,119171,119171,,,,Sale,Milano,MI,Milano,Lombardia,45.516174,9.227164,high,Google place pin,Hilton Garden Inn Milan North,internal file,Della  Frera (gestore) ha comprato da AMCO,"https://www.google.com/maps/place/Hilton+Garden+Inn+Milan+North/@45.5161315,9.2267619,164m/data=!3m1!1e3!4m9!3m8!1s0x4786c76bd2bbaedd:0x47def1209d9e33e1!5m2!4m1!1i2!8m2!3d45.5161735!4d9.2271638!16s%2Fg%2F11b7hqktnb?entry=ttu&g_ep=EgoyMDI2MDYwMy4xIKXMDSoASAFQAw%3D%3D"
533,Hotel Executive,4,4,,2026,Q2,1740000.0,77,22597,22597,,,,Auction,,,,,,,nan,nan,,Bulletin,"È stato acquisito alla terza asta da un imprenditore friulano di cui ancora non si conosce l’identità l’hotel Executive di Udine. L’aggiudicazione, rivela il Messaggero Veneto, è avvenuta al prezzo base di 1,74 milioni di euro, ribassato rispetto ai precedenti due tentativi andati a vuoto (2,3 milioni), ma pur sempre superiore all’offerta minima di poco più di 1,3 milioni. La struttura è un 4 stelle costruito nel 1992, si sviluppa su quattro piani fuori terra e uno interrato, per 3.866 mq di superficie complessiva. Include tra le altre cose una hall/reception, sale riunioni, bar, ristorante e 77 camere totali. Insieme all’albergo vero e proprio, l’imprenditore friulano si è aggiudicato anche l’adiacente centro congressi realizzato nel 2000 su una superficie di 2 mila mq sviluppata su tre piani, due dei quali fuori terra.",
534,Palazzo Scanderbeg,5,5,Luxury,2026,Q1,20000000.0,12,1666667,1666667,1206250.0,100520.83333333333,0.0603125,Sale,Roma,RM,Roma,Lazio,41.900665,12.485025,high,Google place pin,Palazzo Scanderbeg,internal file,Compra gruppo Ginobbi da Nexitalia Credit Opportunities (che aveva rilevato credito nei confronti di Gruppo Toti).,"https://www.google.com/maps/place/Palazzo+Scanderbeg/@41.9006467,12.4849298,3a,60y,58.7h,86.3t/data=!3m7!1e1!3m5!1sIuq6WDIE5y_duaRQwh8S2A!2e0!6shttps:%2F%2Fstreetviewpixels-pa.googleapis.com%2Fv1%2Fthumbnail%3Fcb_client%3Dmaps_sv.tactile%26w%3D900%26h%3D600%26pitch%3D3.7022866957874783%26panoid%3DIuq6WDIE5y_duaRQwh8S2A%26yaw%3D58.69783755777317!7i16384!8i8192!4m9!3m8!1s0x132f61acdeb6eaf5:0xb75ec8236009bf5d!5m2!4m1!1i2!8m2!3d41.9006648!4d12.4850254!16s%2Fm%2F0dlkrgg?entry=ttu&g_ep=EgoyMDI2MDYxNi4wIKXMDSoASAFQAw%3D%3D"
535,Hotel Albanuova,4,4,,2022,Q4,2250000.0,26,86538,86538,,,,Sale,,,,,,,nan,nan,,,,
536,Grand Hotel Esperia,4,4,,2025,Q2,1142200.0,62,18423,18423,,,,Sale,,,,,,,nan,nan,,,,
